Video ID,Comment,Published At
gRuHOK99lSk,이런 유명 프로 에서 환경 대해 많이 다뤄 줬으면 해 요 그래서 경 각심 을 일 깨워 주는것도 큰 도움 될거 같아요 우리 세대 뿐 아니라 우리 후손 에게 깨끗하고 살기 좋은 지구 물려줘야 돼요,2023-10-27T07:44:07Z
gRuHOK99lSk,관심 많이 가졌으면 좋겠어요 화이팅 합시다,2023-10-24T15:08:41Z
gRuHOK99lSk,그냥 후진국 보면 매연 존나 뿌리 더 만 해봤 자임 인도 보삼,2023-10-21T01:14:30Z
gRuHOK99lSk,강아지 벨 처럼 위성 띄운다면 그 눌러 준 신호 읽고 해석 하고지진 화산폭발 로 인류 없어지 기전 도움 을 요청 하면 또다른 우주 행성 데리 고가 살 게 해주지 않을까 싶네요,2023-10-19T15:48:51Z
gRuHOK99lSk,진짜 좋은 정보,2023-10-19T09:07:09Z
gRuHOK99lSk,알빠 야,2023-10-17T16:20:00Z
gRuHOK99lSk,너무 심각한데요 손수건 텀블러 이미 가지 고 있는것 할수있는 때 까지 사용 했으면 좋겠어요 교수 님 말씀 대로 유행 을 추구 하며 새로 구입 하는것은 그만큼 생산 과정 에서 온실가스 발생 하니 차라리 종이컵 쓰셔라 하시잖아요 이런 운동 다 같이 일어나야 미약 하게 나마 지 구 열탕 화 막는데 도움 되겠죠,2023-10-12T17:17:53Z
gRuHOK99lSk,영상 을 모든 사람 알아주셨으면 좋겠네요 제 자신 영상 보고 이제 부터 손수건 텀블러 사용 을 해야겠다는 생각 들었어요 그리고 사람 영상 을 보고 방법 대로 실천 해줬으면 좋을것 같은 마음 이에요,2023-10-09T05:37:16Z
gRuHOK99lSk,저희 사람 사람 이라도 지 구 열탕 화 늦추기 위해 노력 해요,2023-10-08T04:13:48Z
gRuHOK99lSk,그럼 우선 코로나 때 처럼 공장 셧다운 시켜 야함 이런 이야기 안 하면서 지구온난화 이야기 하기는 그렇다,2023-10-05T03:07:52Z
gRuHOK99lSk,인구 감소 축복,2023-10-04T23:31:53Z
gRuHOK99lSk,정말 귀한 영상 감사합니다 유 퀴즈 같은 국민 프로그램 이렇게 중대한 문제 대해 경 각심 을 주시 고 심각 성 을 인지 시켜주시니 너무 감사할 따름 입니다 앞 으로도 이런 주제 많이 다뤄주셨으면 좋겠습니다 비단 과학자 교수 등 학계 전문가 뿐 아니라 정치계 예술 계 경제 계 등 전문가 분들 모셔서 이야기 나누는 자리 있으면 좋겠습니다,2023-10-04T18:57:26Z
gRuHOK99lSk,하 기술 만 존나 게 발전 하지 사람 정신연령 수준 예나 지금 이나 미개한 원 시사회 네 왜 우리 발전 을 안 하냐 세기 전쟁 일어나는게 말 되냐 길가 버려진 담배 꽁초 쓰레기 태어나자마자 굶어 죽는 아이 아직도 있는건 대체,2023-10-04T17:28:52Z
gRuHOK99lSk,채식 온실가스 줄이는 가장 빠른 방법 입니다 채식 을 실천 합시다,2023-10-01T23:32:35Z
gRuHOK99lSk,년전 에도 년 석유 고갈 되서 인류 멸망할수도 있다고 했는데 지금 서 보 니 석 유매 장량 더 늘어나서 사상 최대 임 뭔가 기후 위기 모든 게 인간 탓 돌리고 인구 감축 하기 위 수단 같다,2023-09-26T23:51:49Z
gRuHOK99lSk,근데 개인 적 지구 온난화 저희 같은 일반 인들 보다 연예인 한테 뭐라해 야한다고 생각 해요 연예 인들 명당 각자 활동 하는데 에너지 많이 들어가요 개인 화보 하나 찍는데 본인 얼굴 하나 보일거라고 고가 카메라 수십 대 조명 또 활동 하나 하는데 화보 만 찍지 않겠죠 콘서트 광고 등 명 활동 하는데 이렇게 몇몇 가정 보다 더 많은 에너지 사용 되는데 또 요즘 개 나소 나 연예인 한다고 하잖아요 특히 디지털 발전 극 대화 된 지금 시기 지구 온난화 로 에너지 절약 하자는 기자 스튜디오 남극 보다 더 춥게 해놓고 방송 합니다 에너지 절약 한다고 더워서 땀 뻘뻘 흘리면서 에어컨 안 키 게 맞을까요 아니면 수많은 연예인 활동 을 친환경 적 또는 절제 하면서 하는게 맞을까요 암튼 거 하나 명확합니다 가정 더워서 키 선풍기 에어컨 보다 명의 인기 연예인 그룹 활동 따로 하겠죠 활동 하는데 쓰이는 에너지 더욱 많다는걸 요 저희 일반 인들 개인 노력 해봤자 어차피 수많은 연예인 활동량 을 늘려가면 그 에너지 다 사용 낭비 어떻게 멈출 수가 없어요 우리 에어컨 선풍기 등 에너지 실컷 쓰고 연예인 활동 하지마라 게 아니고 모두 동등 하게 노력 해야 한다는 거 에요,2023-09-25T10:25:49Z
gRuHOK99lSk,인간 멸망하는게 맞음,2023-09-25T10:14:45Z
gRuHOK99lSk,분필 가루 하늘 뿌려서 뭐 온난화 막을수 있다고 들었는데,2023-09-24T10:55:50Z
gRuHOK99lSk,유 퀴즈 에서 기후 위기 관 내용 많이 해 주셔서 감사합니다 저 경기 용인 동백 중 에서 근무 하고 있고 우리 학생 함께 지구 지키는 생태 학교 진행 하고 있습니다 지난 금요일 영상 을 전체 학급 명 학생 모두 몰입 해서 시청 했습니다 아이 살아갈 집 인 지구 모두 함께 지키고 회복하기 위해 정부 우리 어른 모두 함께 하면 좋겠습니다,2023-09-23T12:33:33Z
gRuHOK99lSk,솔직히 우리 덥다고 춥다 고 지구 이상기후 대해 불평 불만 할 자격 없다고 생각 해요 다 인간 만든 결과 이고 지구 한테 미안해 해야죠,2023-09-23T04:23:10Z
x9teM7gbizk,쓰레기 문제 이렇게 위험하다니 정말 무섭다 폐 그물 같은 것 바다 계속 방치 되면 생물 먹고 우리 식탁 간다 고 생각 하면 하루빨리 해양 환경법 같은 것 생겨서 환경 을 지키면 좋을것 같네요,2023-10-27T09:59:40Z
x9teM7gbizk,젠 흙 보다 미세 플라스틱 더 많아질것,2023-09-13T04:40:07Z
x9teM7gbizk,영상 인류 번째 대멸종 시대 맞이 하고 있으며 환경오염 플라스틱 쓰레기 큰 문제 로 대두 되고 있 음 을 설명 합니다 쓰레기 양 급증 하고 환경 파괴 계속 되고 있다는 전문가 말 인상 적 이었으며 쓰레기 재활용 해결 대한 노력 시급하다고 생각 했습니다,2023-08-01T17:22:43Z
x9teM7gbizk,아 국산 쓰레기 진짜 생명 한테 미안하다 앞 생수 안 먹고 정수기 쓰고 배달 자제 하겠습니다,2023-07-13T16:17:45Z
x9teM7gbizk,여기 다 쓰고 내일 쓰레기 버리는 인간,2023-05-16T16:29:05Z
x9teM7gbizk,우리 과연 플라스틱 비닐 을 포기 할 수 있을까 자본주의 좋은 거지 만 자연환경 입장 배제 채 오로지 경제성장 만을 외치는 사회 구조 살 면 살수 록 못 사는 나라 생기는 이상한 제국주의 행태 들이건 개인 문제 아니다 인류세 에서 어떤 시스템 바뀌어야 지속 가능한 미래세 대 만들 수 있을까,2023-05-06T21:35:03Z
x9teM7gbizk,참 좋은 환경 운동 영상 을 보았습니다 환경 운동 결코 말로 만 해서 되는 게 아니겠지요 우리 모두 환경 살리기 의식 을 갖추고 행동 실천 해야 하는 것 입니다 특히 지구 닥친 기후 위기 우리 인류 직면 지구 현재 위협 입니다 우리 이산화탄소 등 온실가스 배출 을 줄여야 합니다 유엔 탄소 배출권거래제 점차 강화하여 탄소 중립 문제 해결 하고자 노력 하고 있지요 또한 날 마다 불타고 있는 지구 허파 아마존 숲 을 보호 해야 합니다 다행히 유엔 에서 프로젝트 추진 하여 아마존 열대 우림 을 보존 보호 하고 황폐 화 방지 하고 있습니다 아마존 숲 을 보호 하고 나온 탄소배출권 우리나라 숲 배이죠 다행히 최근 유엔 프로젝트 적용 된 년 소요 아마존 토지 페루 정부 로부터 년 간의 소유권 을 사와서 유엔 으로부터 탄소배출권 을 인정받아 유럽 시장 내다 팔 아 큰 수익 을 올리면서 아마존 숲 사랑 연 수익 그리고 등록 큰 차익 을 기대할 수 있는 투자 상품 읗 개발 하여 투자자 유치 기후 위기 캠페인 을 동시 추진 하는 기업 있습니다 기후 위기 극복 캠페인 동참 하면서 많은 수익 올리고 싶은 분 페루 아마존 숲 탄소배출권 상품 투자 해보시길 권 해드립니다 세부 내용 지구 남 유튜브 참조 해주시길 바랍니다 감사합니다,2023-01-18T04:06:41Z
x9teM7gbizk,인간 없어 저 남아있을 석유화학 제품 생각 또 생각 해야 할것,2022-09-16T11:21:15Z
x9teM7gbizk,진작 부터 환원 적 사고방식 에서 벗어났어야 하는데 재활용 이라는 허울 때문 더 많은 쓰레기 무차별 적 쏟아져 나오게 된거 죠 재활용 의식 수준 재활용 기술 여타 변수 을 고려 할 때 결코 환경 좋을 수가 없습니다 재활용 아니라 버려도 문제 없는 제품 더 투자 하고 더 크게 키워서 유지 가능한 현실 적 인 비용 만들었어야 합니다 젠 정말 늦어 버린것 같지만 말 죠,2022-08-05T08:46:27Z
x9teM7gbizk,음식 배달 없애야 합니다 배달 사용 되는 플라스틱 용기 비닐봉지 일회용 커피 등 우리 매 일 매일 환경 파괴 주 버 됩니다,2022-08-02T14:56:30Z
x9teM7gbizk,아니 큰 나라 부터 실행 옮기지 미국 중국 인도 러시아 브라질 호주 같은 나라 분리수거 커녕 막 섞어 버 리드 만 얘 네 들만이라도 분리수거 하고 버리면 지구 살아나겠다,2022-08-01T10:43:38Z
x9teM7gbizk,지질시대 플라스틱 세,2022-07-31T09:42:40Z
x9teM7gbizk,절대 재활용 필요성,2022-07-30T22:20:55Z
x9teM7gbizk,생산 분배 소비 조화,2022-07-30T22:20:04Z
x9teM7gbizk,많은 곳 많습니다,2022-07-30T22:18:13Z
x9teM7gbizk,지구 생명체 생존 을 위 가장 좋은 방법 인간 멸종,2022-07-28T14:26:21Z
x9teM7gbizk,지구촌 가장 어리석은 동물 인간 이다 정신차려 야한다 현재 석유 무분별 하게 사용 해서 룩 환경 파괴 적 인 소비 경제 없어져야 한다 성경 예수님 말 하길 부자 천국 가기 낙타 바늘 귀 통과 하는 것 보다 어렵다고 했다 즉 부자 없는 세상 을 만들어야 한다 인구 감소 정책 친환경 최우 선적 인 새로운 공유경제 시스템 을 만들어서 시행 해야 한다,2022-07-28T12:37:41Z
x9teM7gbizk,요 줌 플라스틱 쓰레기 로 기름 만들 잔 아 요 건데 기름 만들고 남는 잔해 물 어더 게 하는지,2022-07-28T12:07:53Z
x9teM7gbizk,중국 미국 놈 합쳐서 환경 파괴 절반 이상 한다,2022-07-28T11:11:30Z
x9teM7gbizk,어선 에서 어구 구 입시 폐 어구 반납 구조 로 해서 판매 하 라 조업 시 망실 어구 버리니 바다 망가진다 망실 어구 어떤 수단 을 써서라도 회수 해서 귀항 하도록 해야 한다 환경부 담금을 어구 대 이상 부담 시켜야 안전 조업 을 한다,2022-07-28T07:45:12Z
LZEq-dZQ9S4,약 먹고 다니세요,2023-10-26T05:46:32Z
LZEq-dZQ9S4,결국 정부 만 제대로 되면 되네,2023-10-25T14:59:48Z
LZEq-dZQ9S4,국민 정신 건강하다면 찬성 이지만 아닌 걸 엮어 우긴다면 피 해보는 인간 있다 대통령 끼리 뭉치 시 고우리 가족 대통령 연관 없음,2023-10-25T01:30:55Z
LZEq-dZQ9S4,노인 선거 해서 자손 잘살아,2023-10-25T00:26:18Z
LZEq-dZQ9S4,틀려서 자손 없어서,2023-10-25T00:25:37Z
LZEq-dZQ9S4,그렇고 보면 대한민국 국민 말곤 다 같음 정치인 빼고,2023-10-24T23:02:32Z
LZEq-dZQ9S4,에너지 대해 서는 모든 수단 을 강 구해 야하는 국가 임 에도 정권 바뀔 때 마다 화석연료 재생에너지 정책 핑퐁 치는 한심한 모습 양 당 구조 로 인해 투 트랙 가야 함 에도 정권 바뀔 때 마다 한쪽 정책 후진 기어 들어간다,2023-10-24T15:44:58Z
LZEq-dZQ9S4,태양광 풍력 더 비싼 이유 더 많은 규모 경제 생겨야 하는데 원전 석탄 을 고집 하는데 있다 원 전 카르텔 것 을 주도 하고 있다 문 정부 때 태양광 을 늘리려고 했지만 원 전 카르텔 에서 언론플레이 하면서 태양광 풍력 비율 을 높이 지 못 하고 있는 실정 이다 왜 저렇게 되었는데 세계 추세 에도 맞지도 않고 인도네시아 한국 만 친환경 에너지 비싼지 알아야 한다,2023-10-24T09:28:52Z
LZEq-dZQ9S4,문재인 재 평가,2023-10-24T08:59:23Z
LZEq-dZQ9S4,부좃한건 정치 지 개판 인 정치,2023-10-24T01:40:34Z
LZEq-dZQ9S4,재생 에너지 화석 에너지 보다 싸지는 경우 석탄 석유 매 장량 부족해져서 화석 에너지 값 더 비싸질 때 될 거 다,2023-10-22T23:11:26Z
LZEq-dZQ9S4,무식한 대통령 바뀌어야 에너지 전환 속도 낼수 있습니다,2023-10-22T04:25:49Z
LZEq-dZQ9S4,부족한건 단 하나 국회의원 을 싹 다 갈아 치우는거다,2023-10-21T15:53:36Z
LZEq-dZQ9S4,그냥 핵융합 에너지 개발 계속 투자 하면 되잖아 무슨 신 재생 하고 앉았네,2023-10-21T04:53:06Z
LZEq-dZQ9S4,한국 세계 바꿀것 세상 에서 가장 불행한 민족 국뽕 오 지노,2023-10-20T20:23:28Z
LZEq-dZQ9S4,필요없는 정치인 너무 많다,2023-10-20T12:09:06Z
LZEq-dZQ9S4,탈 원전 태양광 한전 적자 투성이 된 것 을 보고 이런 헛소리 하네 네 놈 엘 고어 구멍 이나 빨아라,2023-10-19T23:37:25Z
LZEq-dZQ9S4,되게 똑똑하고 멋져 보인다 전 부 대통령,2023-10-19T14:53:22Z
LZEq-dZQ9S4,애기 있어야 뭘 하던가말던가 하지,2023-10-19T14:30:06Z
9sjCpzGS6Q4,이산화탄소 우주 로 날려 보내면 안되나 왜 지구 에만 놔둘려고 하지,2023-10-25T18:21:33Z
9sjCpzGS6Q4,굳이 가정 용 산업 용 을 왜 구분 하는지 모르겠네요 그러면 위안 되나요 오래 전 부터 기업 악마 화의 일환 이라고 밖에 생각 안되는데요 순수하게 집 안 에서 개인 쓰는 전기 말고 개인 외출 출퇴근 시 쓰는 대중교통 직장 온갖 냉 난방 전기 설비 문 열고 에어컨 빵빵 하게 켜 둔 추울 정도 라 가디건 갖고 다녀야 할 정도 인 카페나 매장 헬스장 센터 이용 하는 여가 및 쇼핑 시간 길거리 밝히고 있는 조명 통신 광고 판 모두 산업 용이 고 개인 명 명 써서 모이는 것 들이구요 걸 개인 쓰는 게 아니라고 치부 하는 건 그야말로 눈가 리 고 아웅 죠 집 있는 시간 보다 밖에 있는 시간 훨씬 많은 사람 집 에서 조금 썼다고 집밖 에서 하루 종일 쓴 온갖 전기 안 쓴 게 아니잖아요,2023-09-13T12:58:30Z
9sjCpzGS6Q4,김민하 배우 님 호박 이야기 하시는게 너무 귀여우시네요,2023-09-12T03:10:43Z
9sjCpzGS6Q4,년도 기준 인당 전기 사 용량 개국 기준 위 였고 이건 산업 용 상업 용 가정 용 모두 합 총 사 용량 을 토대 로 나온 순위 이고 가정 용 사 용량 만 놓고 보면 위 였습니다 가정 용 사 용량 평균 보다 낮았습니다,2023-09-10T14:09:55Z
9sjCpzGS6Q4,타 노스 옳았다,2023-09-09T11:56:57Z
9sjCpzGS6Q4,인간 을 멸종 시키지 않는 이상 지 구 멸망 을 막을수 없음,2023-09-08T18:20:40Z
9sjCpzGS6Q4,미친 항덕 으로써 비행기 탄소 배출 위 라는 게 너무 안타깝습니다 에어버스사 에서 철새 자형 비행 중 선두 새 이용 연료 저 감 비행 술 을 연구 하고 있다고는 한데 그 기술 현실 도입 되어서 효과 보려면 항로 부터 바꿔 야하는 등 많은 문제 있는 터 라 근 미래 에는 실현 가능성 낮 아보 여서 안타깝습니다 사실 여객기 탄소 배출 과거 부터 엔진 바이 패스 비 늘린다던가 날개 형상 을 변화 시키는 등 연료 저 감 소음 측면 에서 많은 향상 발전 있어 왔지만 아직도 부족하다는 생각 듭니 다 항공 산업 특히 민간 항공 산업 없어서는 안되는 산업 이라고 생각 합니다 배 라는 대 체제 있다고는 하지만 시간 적 인 측면 에서 너무 압도 적 인 차이 있기 때문 비교 할 바 아닌것 같고요 그래서 우리 거의 필수 적 항공기 이용 해야 하는데 앞 항공기 탄소 저 감 기술 빠르게 진보 하여 항공기 탄소 배출 획기 적 줄었으면 좋겠습니다 사랑 하는 항공기 죽 을 때 까지 눈 담아야 하니 깐요,2023-09-08T15:59:51Z
9sjCpzGS6Q4,우리 전기 막 쓰는게 아니고요 기업 헐값 막 쓰는거죠 기업 들이요,2023-09-08T15:51:58Z
zHsn61kRTT8,환경오염 화재 위험 소음 피해 있는 불꽃놀이 하지 말고 내년 부터 드론 쇼 해야 합니다 드론 추락 하지 않도록 점검 을 해야 합니다,2023-10-27T12:43:33Z
zHsn61kRTT8,보기 너무 이뻐서 저 꼭 보러가고 싶었는데 불꽃놀이 환경 오염 되는 줄 전혀 몰랐습니다 불꽃놀이 후 대기오염 물질 배 늘어 난다고 하니 정말 걱정 입니다 앞 보기 좋은 것 좋지만 좀더 환경 을 생각 했으면 해 요,2023-10-27T08:36:16Z
zHsn61kRTT8,백해무익 회사 대표 세계 군 발암 물질 회사 사장 문제 없어서 뉴스 안 나와서 좋겠다,2023-10-20T05:38:44Z
zHsn61kRTT8,오 한순간 불꽃 이여,2023-10-16T15:42:03Z
zHsn61kRTT8,불꽃 축제 건 지 마라,2023-10-16T15:03:18Z
zHsn61kRTT8,다른 나라 폭탄 난리 다 이제 환경 너무 안좋은 짓거리 그만했으면,2023-10-16T07:49:39Z
zHsn61kRTT8,그렇게 개빠 되는 겁니다,2023-10-16T07:21:21Z
zHsn61kRTT8,불꽃놀이 야 말로 진정한 돈 지랄,2023-10-16T05:08:37Z
zHsn61kRTT8,우리나라 변해야 한다 아쉬워도 미래 아이 을 위해 필요하다면 변해야 한다,2023-10-16T04:54:46Z
zHsn61kRTT8,드론 해 라 뭔 짱깨 아니고,2023-10-16T03:22:22Z
zHsn61kRTT8,진보 드론 극우 불꽃 정권 따라 이리 변하나,2023-10-16T03:14:41Z
ObjSFRz_Jw8,원 시시 대로 돌아가서 차 가공품 없는 자급자족 세상 에서 살아야 환경 파괴 없어질 듯,2023-10-25T22:35:08Z
ObjSFRz_Jw8,환경 을 지킨다고 에코 백 을 쓰곤 했는데 환경보호 하려면 한번 산 에코 백 을 년 개월 을 매일 사용 해야 한다고 하니 실천 불가능한데 게 정말 환경 을 보호 하는 일이 맞는지 의문 드네 요 쓰레기 폐기 하는 것 에만 집중 하는 것 아니라 제품 생산 부터 폐기 까지 총 체적 파악 해야 한다는 것 을 알았습니다 우리 모두 관심 을 가질 때 구체 적 인 정보 실천 방법 을 확인 하는 것 중요할 것 같습니다,2023-10-17T09:13:16Z
ObjSFRz_Jw8,한번 씩 꼭 보면서 되새겨 볼 영상 예요,2023-10-11T05:08:56Z
ObjSFRz_Jw8,플라스틱 을 쓰려면 제품 재활용 가능 높은걸 써야하고 새 척 깨끗히 해야하고 나무 제품 나무 밴 이후 해당 나무 씨앗 을 심거나 따로 모종 키워서 배었던 그 장소 심는 등 재생 시키는 일로 제대로 하는 기업 을 선택 해야 합니다 썬크림 경우 웬만해서는 화학 성분 없는 제품 을 써야 하는게 화학 썬크림 을 금지 하는 국가 있는데 산호 파괴 하고 백화현상 을 일으키기 때문 예요,2023-10-10T09:29:30Z
ObjSFRz_Jw8,환경 대해 많은 관심 을 가져 보려고 다양한 영상 을 접 하고 있는데 영상 을 보며 흥미로운 사실 을 알 게 되었어요 바로 에코 백 환경보호 에는 전혀 도움 되지 않는다는 사실 입니다 제 무지한 탓 있겠지만 처음 알았는데 지금 이라도 알 게 되어 다행 인 것 같아요 이렇게 뉴스 환경 관련 이야기 자주 배포 되면 좋을 것 같습니다,2023-10-06T05:44:13Z
ObjSFRz_Jw8,카페 마다 고객 을 위 싱크대 설치 해줬으 면제 텀블러 제 씻을테니까 제발 설치 해줘,2023-09-23T01:58:12Z
ObjSFRz_Jw8,에코 백 하나 만드는 데 드는 탄소발자국 제품 하나 만드는 데 드는 탄소 총량 즉 기후변화 미치는 영향 최소 일회용 비닐봉투 배 라고 합니다 에코 백 여러 개 쓰지 마시구 두 개 로 최소 번 이상 사용 하시길 바 래 요,2023-09-08T11:23:05Z
ObjSFRz_Jw8,환경 파괴 경제성장 경제 위축 환경 보호 이니 미국 공화당 싫어하는 것,2023-08-30T22:01:51Z
ObjSFRz_Jw8,소비 줄입시다 소비 줄이자,2023-08-23T11:47:14Z
ObjSFRz_Jw8,환경 을 위해 가능한것부터 실천 하기 추천 합니다,2023-08-23T01:45:45Z
ObjSFRz_Jw8,종이 빨대 짱 증 나서 번가 에서 플라스틱 빨대 대량 구 매 햇 다,2023-08-02T04:37:51Z
ObjSFRz_Jw8,사람 자체 성숙해지고 바뀌어야 함,2023-07-25T14:06:40Z
ObjSFRz_Jw8,"안녕하세요 저 화법 작문 수업 에서 선 플 달기 활동 중인 노원 고등학교 정현우 입니다 
 최근 종이 빨대 무늬 만 친환경 이라는 것 을 보고 실질 적 환경 보호 할 수 있는 법 을 찾다가 영상 을 보게 되었습니다 전 과정 평가 정확하게 무엇 인지 상세 예시 친환경 실천 꿀팁 을 총 해 알수 있어서 좋았습니다 또한 앞 우리 폐기 단계 에만 집중 하는 것 아니라 과정 단계 더욱 집중 해야 한다는 것 을 알 게 되었습니다 좋은 정보 제공 해 주셔서 감사합니다 앞 으로도 좋은 영상 부탁드립니다",2023-07-09T12:49:38Z
ObjSFRz_Jw8,그냥 생산 소비 최소 화 하는 게 오래 쓸 수 있는 제품 을 필요한 만큼만 구매 하고 더 편하고자 하는 욕심 을 버리고 환경 양보 합시다 우리 그리고 에너지 등급 표시 처럼 등급 같은 걸 만들어 표기 해서 소비자 직접 보고 판단 하여 소비 할 수 있도록 제도 만들어지면 좋겠네요,2023-07-07T10:50:20Z
ObjSFRz_Jw8,분리수거 기준 이나 친환경 제품 소비 장단점 사람 에게 명확하지 않게 퍼져 나가서 역효과 불러오 기도 하는 것 같아요 에코 백 텀블러 여러 개 구매 해서 사용 하는 것 보단 하나 오래 써야겠네요,2023-07-04T19:12:22Z
ObjSFRz_Jw8,되도록 안 사는게 답 인 듯,2023-07-04T03:31:47Z
ObjSFRz_Jw8,이런 말 들은 적 있어요 나무 젓가락 사용 당연하게도 환경 을 파괴 하 지만 그렇다고 쇠 젓가락 씻는데 세제 쓰는 건 환경 을 파괴 하지 않는가 그렇다고 그냥 물 로만 씻으면 위생 건강 문제 생길테고 애초 인간 나아가 생명 존재 자체 대변 등 환경 을 파괴 하는데 강박 적 환경 주는 피해 수렴 하게 만드는데 집착 하지 말고 조금 점진 적 인 시각 환경보호 바라보는 게 바람직하다 봅니다 먼 길 아예 안 갈수 없으니 대중교통 즐겨 타고 소고기 대신 돼지고기 닭고기 즐기고 위 에서 말 젓가락 경우 에도 나무 젓가락 을 쓰기 보단 세재 조금 써서 오물 을 씻어내는 게 환경 훨씬 부담 덜 간다 는걸 우린 모두 알고있죠 친환경 시설 같은 경우 에도 당장 원자재 문제 등 환경 부담 더 가겠지만 장기 적 볼 때 환경 을 그 보다 더 보호 할 수 있으니 짓는 것 아닐까 요 아 우유팩 물 로 헹 구기 귀찮아,2023-06-28T06:08:02Z
ObjSFRz_Jw8,환경 을 지키는 방법 을 알려주셔서 감사합니다,2023-06-18T22:54:44Z
ObjSFRz_Jw8,그냥 친환경 할거면 소비 아예 못 하게 하라 고 플라스틱 봉투 천 번 사용 하면 에코 백 백 번 쓰는거보다 친환경 인게 뻔한건데,2023-06-12T16:10:39Z
ObjSFRz_Jw8,아니 그럼 뭐 일반 시민 에게 얼마나 분리수거 계속 자꾸 짊어지 게 하는거냐 그래 캔 플라스틱 등 일일이 분리 해서 내다 버리는거 까지야 할수 있다고 근데 것 적당히 해야지 매번 국민 에게만 분리수거 강요 하냐,2023-06-08T17:24:49Z
CYHnOJv9xcI,저건 대체 어떤 새끼 만든거냐,2023-10-30T22:53:42Z
CYHnOJv9xcI,그냥 빨대 금지 해라 컵 고 마셔 무슨 종이 빨대 타령 이야,2023-10-25T08:05:26Z
CYHnOJv9xcI,종이 빨대 기사 올려주셔서 감사합니다,2023-10-13T06:55:23Z
CYHnOJv9xcI,문벌 구가 싸지른 똥,2023-10-13T02:59:53Z
CYHnOJv9xcI,문재인 또 또 또 당 신입 니까,2023-10-08T01:15:56Z
CYHnOJv9xcI,맛없는 풀테 귀 게다가 카프리썬 개 짜증나,2023-10-03T05:57:52Z
CYHnOJv9xcI,전 정부 하 일이 그렇지 뭐,2023-09-24T10:44:01Z
CYHnOJv9xcI,친환경 비건 지랄 하더니,2023-09-22T09:10:01Z
CYHnOJv9xcI,엥 뭔 소리 지 나라 에서 법적 종이 빨대 쓰라고 바꿔서 그런거잖아 벌금 까지 내 라며,2023-09-15T02:31:13Z
CYHnOJv9xcI,이제 앞 영업 장 규정 플라스틱 빨대 사용 을 금지 규정 을 정해 놔 서다 종이 빨대 로 하는데가 많아서 어쩔 수가 없습니다 그러니 빨대 없이 마시면 되는거구요 정 빨대 없이 못 마시겠다하면 개인 빨대 들고 다니시면 됩니다,2023-09-01T16:56:35Z
CYHnOJv9xcI,선동 할 땐 쓴 거북이 코 꽂힌거는 빨대 아니라 일회용 포크 였음,2023-08-30T06:49:35Z
CYHnOJv9xcI,계속 종이 빨대 주렴 쓰래 기 제대로 안 버리고 종이 빨대 만 길거리 줄줄줄 뿌리 고 다닐거다 병신 법 맞는지 일반 현실 맞는지 싸워 보자 병신 정부 야 층 높이 건물 에서 있는 종이 빨대 마다 하나 씩 길거리 위 던져주지,2023-08-26T21:48:14Z
CYHnOJv9xcI,저 거 여자 빨던거잖아 친환경 이니 비건 이니 타령 하면서 정작 그게 더 환경오염 인데 하여간 쯧,2023-08-23T17:55:56Z
CYHnOJv9xcI,단순히 생각 해봐도 종이 빨대 쓰는 것 보다 종이컵 을 쓰는게 더 낫습니다,2023-08-23T16:10:24Z
CYHnOJv9xcI,빨대 종이 로 만든건 한거지만 플라스틱 빨대 플라스틱 일종 입니다 빨대 천 개 만 모여도 플라스틱 인 건아 시 죠 바다 오염시키지 마시고 그냥 플라스틱 류 버리면 됩니다 우리나라 다 좋고 자랑스러운데 사람 너무 자연 대한 지식 부족한것 같아요 산재 나 화재 폭풍 같은것도 미리 막고 칼 못 쓰게 해야 해 요 항상 대비 하는 습관 중요하고 배 나 비행 기차 사고 대 비도 철저히 해야하는것 중요합니다,2023-08-15T08:43:51Z
CYHnOJv9xcI,어떤 미친 새끼 종이 빨대 건의 겨 바다 오염 프로 종이 빨대 거 프로 이상 어망 이다 이건 아냐 개 넘 덜,2023-08-01T12:49:03Z
CYHnOJv9xcI,전형 적 인 그린워시,2023-07-31T11:21:03Z
CYHnOJv9xcI,빨대 없이 그냥 마시라고 해 라,2023-07-28T13:29:54Z
CYHnOJv9xcI,원샷 해라는 소리 여 어이 그,2023-07-28T13:21:38Z
CYHnOJv9xcI,어이 그 돌대가리 새끼,2023-07-28T13:20:41Z
2ulZLBer8ZU,"기후 변화 대한 인식 을 높이 고 대처 하기 위해 기후 인 플루 언 서 자격증 을 취득 것 멋진 노력 입니다 함께 기후 위기 극복 하려는 의지 매우 중요합니다 기후 위기 우리 모두 에게 영향 을 미치고 있으며 협력 필요한 문제 입니다 

 기후 인 플루 언 서 로서 다음 같은 방법 기후 위기 극복 할 수 있습니다 

 홍보 교육 기후 문제 해결 책 대한 정보 공유 하여 대중 인식 을 높입니다 
 지속 가능한 생활 환경 친 화 적 인 생활 방식 을 실천 하고 다른 사람 에게 영감 을 주세요 
 정부 기업 압력 기후 정책 을 지지 하고 지속 가능한 비즈니스 모델 을 촉진 하기 위해 노력 하세요 
 함께 기후 위기 극복 하는 것 중요한 목표 이며 기후 인 플루 언 서 로서 당신 영향력 을 활용 할 수 있습니다 더 많은 정보 인 플루 언 서 활동 을 통해 변화 이끌어 나가세요 

 
   기후변화 심각 성 을 알리 기 위혀 기후 인 플루 언 서 자격증 땄습니다 

 ",2023-10-23T05:29:57Z
2ulZLBer8ZU,천국 펜트하우스 집 가기 전 챙겨야 할 준비물 예 슈 아 커밍 천국 펜트하우스 집 가기 전 챙겨야 할 준비물 예슈아 거룩한 신 부들 가져야 할 정신 자세 무조건 휴거 다 그렇지 않으면 순교 다 끝 예슈아 믿는 진정한 믿음 진정한 회개 진정한 사랑 올바른 행실 침례 받기 야훼 성령님 예슈 아 이름 물 로 침례 받기 성 경 말씀 머리 끝 에서부터 발 끝 까지 전신 갑주 입기 창세기 부터 요한계시록 까지 시간 일 안 끝내 버리고 항상 하나님 말씀 날 마다 살아가기 영혼 육체 정신 마음 을 거룩하고 깨끗하고 순결하고 순수하고 강하고 담대하고 성숙하고 공기 처럼 가볍게 맑은 물 처럼 깨끗하게 예슈아 이름 물 피로 날 마다 목욕 하기 사탄 악한 영 죄 판사 판 공 사 판 천국 입성 해서 천국 문지기 천사 보호 받을 때 까지 처절하게 싸우기 독사 뱀 눈 마주치는 즉시 찍어 버릴 수 있는 슈퍼 장닭 되기 사탄 표 먹지 말고 맞지 말고 받지 말 고 받으면 끝 어떤 상황 환경 속 에서도 자신 인간 정체 성 을 지켜내기 하나님 야훼 성령님 예슈아 날 마다 순간 마다 동행 하기 살아도 죽어도 오직 예슈 아,2023-10-15T13:14:05Z
2ulZLBer8ZU,이런 방송 을 보고 있노라면 울화통 치민 다 게 무슨 기후 환경 리포트 인가 이제 누구 나 아는 애기 새삼스러울 것 없는 애기 주구 장창 해대 방송 탄소 배출 을 줄여야 한다이게 해결 책 이렇게 애기 못 하나 기업 제발 서둘러 방책 을 내 놓으시 요나 방송 이렇게 미온 적 인 내용 을 내보내는데 이유 있다고 생각 하는데 나 방송 기업 함께 기후 위기 공범 이기 때문 이라고 주장 하 련 다 기업 만 탓 하는 사람 매우 많다나는 과감 하게 애기 한다 허구 헛날 기업 광고 때려서 먹고 사는 언론사 책임 있다고,2023-10-08T15:15:41Z
2ulZLBer8ZU,막을수 없다,2023-10-05T01:54:08Z
2ulZLBer8ZU,지미 랄것 싹 다 완전히 망해가구만,2023-10-02T13:15:49Z
2ulZLBer8ZU,지구온난화 괜찮아지려면 인구 로 줄어 야함 지금 상태 론 절대 못 막음,2023-09-29T06:01:35Z
2ulZLBer8ZU,사람 자동차 보다 이산화탄소 더 많이나 결론 친환경 에너지 만들어도 인류 반 아니 분 로 줄어야 특정 계층 만 살게 지만,2023-09-28T21:59:40Z
2ulZLBer8ZU,기후변화 정말 화석 열 료 때문 인간 숨 실 때 마다 이산화탄소 나와 가축 인구 배는 많다 결론 타 노스 말 맞다 과학자 다 알 것,2023-09-28T21:55:11Z
2ulZLBer8ZU,인간 욕심 결국 인간 을 자멸시키는구나,2023-09-25T11:37:18Z
2ulZLBer8ZU,과거 어업 살 고 유목민 을 살던 중동 석유 산유 국도 책임 있다 왜 무조건 선진국 탓 만 하냐 사우디 미레이 트 카타르 쿠웨이트 브르 나이 및 천연 가스 나 나라 다 에어컨 자동차 연료 공짜 다 그런 나라 제지 해야지 너 나도 살겠다고 자연 을 거 스르 니 그 죄 인간 받아야지,2023-09-22T08:51:22Z
2ulZLBer8ZU,말레이시아 에서 년 째 사는데 우리 나라 월 절대 한국 안감 여기 더 시원함 월 부터 우기 시작 이라 월 까지 또 시원함 결국 음력설 즈음 만 엄청 뜨거 움 우리 집은 에어컨 을 거의 안 틀고 선풍기 만 트는데 밤 추워서 얇은 이불 필요함,2023-09-22T08:48:32Z
2ulZLBer8ZU,우주 위성 같은거 쏴 올려서 태양빛 을 가리면 어떨까 요 그 럼 북극 남극 다시 얼지 안을까요,2023-09-22T01:37:38Z
2ulZLBer8ZU,팡팡 터져라,2023-09-20T11:35:59Z
2ulZLBer8ZU,인간 변화 지 않는다,2023-09-19T11:07:46Z
2ulZLBer8ZU,댓글 왜 멸망 을 옹호 하고 있는거지 진짜 지구 끝나는 날 오면 죽자 이러면서 죽을것도 아니면서,2023-09-16T10:07:56Z
2ulZLBer8ZU,온실가스 문 제 라면 서 육식 문화 공장 식 축산 대규모 사료 경작 얘기 왜 안 하지 산업 화석연료 얘기 만 하고 곧 죽어도 고기 먹어 야한다,2023-09-15T23:36:08Z
2ulZLBer8ZU,사는 먹고 있다가 가면 다른 보다 살아있는 동안 에는 먹고 잘살다 가니까 원 없겠지,2023-09-15T00:06:28Z
2ulZLBer8ZU,하늘 에서 모든 것 을 다 보고 있고 다 알 고 있는데도 왜 주지 않을까요,2023-09-15T00:04:10Z
2ulZLBer8ZU,백년 을 지구 멸종 보고 있었다는데 지금 긋 간 을 그 보다 앞당겨서 보고 있단다,2023-09-15T00:01:27Z
2ulZLBer8ZU,그래서 어쩌라고 해결 책 없는데 경 각심 불러일으킨다고 뭐 달라져,2023-09-14T11:52:44Z
qLXJlHoSz8w,"우리 지구 아끼는 방법 환경 읽어 드립니다 정 주행 하기 
  ",2022-07-06T01:36:08Z
qLXJlHoSz8w,사기 면 다행 이지 다음 세 대가 살수 있는 환경 니깐,2023-10-28T02:16:59Z
qLXJlHoSz8w,지구 변화 시간 속 담긴 시간 답 이라고 먼저 정의 하며 물 을 많이 포함 광열 화 또는 온난화 시간 을 늘이는 방안 태양 의해 달궈지는 사람과 그 사람 인간 사회 확 대세 상 로 복지 산업화 따른 지상 너무 많이 노출 된 만물 산소 라 일단 이름 하고 그 근 본 때문 이라 전하 고 그 대표 적 인 것 개인 용 으로만 이용 되는 자가용 자동차 인데 사람 자주 나다니려면 개인 용 자가용 자동차 이용 을 하지말고 있다면 지하 화하여 철 을 되돌리는 지혜 필요하다고 전 합니다,2023-10-25T08:40:27Z
qLXJlHoSz8w,북극 남극 얼음 잇지만 마이나스 상이 엿 던 앳날 보다 더워져서 마이나스 여 얼음 이마 니 녹앗다 그래도 남앗다고 안심 한개 아니다,2023-10-24T10:51:08Z
qLXJlHoSz8w,이개 태양 떄문 이라고 하기 애 번쨰 더운 지구 보다 뜨거운수 성금 성 몇 억 년 전보 다 넘고 가카이 뜨거워 졋 는대 지구 가까이 마이나스 내려가는 겨울 산간 지 역재 외 하고 거 사라 졋 을 정도 로 심하 개 더운 개 겨우 년 사이 년 전이 다 우리 대 나 대가 어린 년 전 만해 이러 캐 안더 웟 다 월월 까지만 절기 맞 개 여름 이고 월 이라고 바로 가을 아니라 추석 전 카 지는 지금 월월 늦더위 비슷하 개 여름 다웟다 지역 마다 다른대 드리 늦더위 정도 로 춥다 고하 고 가을다운가을을 겨울 이라고 맘대로 정 할 정도 로 미친 놈 드리 만아졋다 이러니 가카 운 화성 애 갈려고하는거다 지 구 온 도도 실재 로 평년 보다도 가까이 오르거나 심하 개더우니 월월 만 심한 개아니라 년 전부 평년 보다 덥다 병신 기 상놈 드리 평년 보다 추운 날 업는대 맘대로 정 할 정도 로 정신병 됫 다 그래도 자연 적 태양 온난화 되는수 성금 성 속도 보다 지구 몇 수 십년 만 애 더 빠른대 그래도 백만 이상 지옥 튼 태양 코로나 떄 문 애 지구 뜨거운것도 잇지만 인간 공장 매 연 온실가스 때문 애 더오지는 속도 가심하고 빠른거다,2023-10-24T09:25:47Z
qLXJlHoSz8w,"김상욱 교수 지구 온난화 주 범 인간 일까 태양일 까 과학 적 팩트 로 알아보는 기후 위기 핵심 환경 읽어 드립니다 조회 수 회 출연 김상욱 물리학자 

   오프닝 
   가장 드라마틱했던 지구 온도 변화 
   기후 위기 오면 우리 에게 어떤 일이 벌어질까 
   지구 온도 오르는 이유 
   탄소 배출 을 급속도 로 줄이는 것 공정한 일인 
   세상 공짜 없다 에너지 보존 법칙 
   우리 지구 위해 당장 할 수 있는 일",2023-10-18T11:24:02Z
qLXJlHoSz8w,사기꾼 아 니 과학자 냐 혹세 무민 선동 프로파간다 앞잡이 되어서 대중 선동 하는 놈,2023-10-15T03:56:38Z
qLXJlHoSz8w,헛소리 그만하고 기후 종말론 이란 책 을 읽고 그 책 내용 거짓 있냐 없냐만 말 해,2023-10-10T21:10:37Z
qLXJlHoSz8w,진짜 댓글 보 니까 한국 초딩 수준 레전드 네 빨리 미국 이주 해야겠다,2023-10-10T18:44:47Z
qLXJlHoSz8w,지구 자정 능력 인간 개체 수 조절 하 거나 멸종 하게 할거 같습니다 그 대부분 인간 야기 원인 일것 입니다,2023-10-10T09:11:54Z
qLXJlHoSz8w,원 시시 대로 돌아 갑시다,2023-10-09T21:34:37Z
qLXJlHoSz8w,"구소련 에서 남극 연구 년대 남극 보스 톡 에서 시작 다 
 연구 자료 엘 고 어란 사기꾼 사용 다 
 데카르트 좌표계 맹점 확대 하면 보이는데 확대 안 하면 안 보인다는 것 만 년 것 을 안 펼치면 악마 로 믿어 이산화탄소 농도 증가 하면 온도 
 상승 하는 것 처럼 착시 일으키는데 만년 만 년 전 기간 을 확대 해서 보니 
 기온 먼저 오르고 농도 증가 후행 한다는 게 보인다 사실 년 과학 저 널 싸이언스 발표 된 내용 이다 
 기온 상승 먼저 이뤄지고 년 년 이후 농도 증가 후행 다 고 발표 
 걸 거꾸로 엘 고 어란 놈 양 증가 기온 상승 을 유발 한다고 사기 친다",2023-10-06T03:21:14Z
qLXJlHoSz8w,사막 물이있을수있네요,2023-09-29T04:09:13Z
qLXJlHoSz8w,산업혁명 문제 네 요,2023-09-29T02:41:50Z
qLXJlHoSz8w,인간 이나 지구 나 스트레스 받으면 자율신경 이나 리듬 무너진다고 생각 해요 현재 지구 스트레스 많이 받은 상태 라 생각 됨,2023-09-29T02:38:26Z
qLXJlHoSz8w,태양 에너지 최고 네 요원 략 좋아하는 국 짐당 애 뭐 냐,2023-09-22T23:29:18Z
qLXJlHoSz8w,만년 전 지구 온도 정말 알수 있을까요 증거,2023-09-22T15:12:36Z
qLXJlHoSz8w,온실가스 온난화 유발 것 사기 라는 것 이야 지구 온도 변화 태양 지구 상호 관계 변화 의해서 변하는것 세차운동 지구 공 전 괘 도의 변화 태양 활동 변화 의해서 과학자 란 것 제데로 알 고 말 해야지,2023-09-22T13:15:08Z
qLXJlHoSz8w,지구 자전축 낮아지고 있답니다 기후변화 중요한 부분 같습니다 또 우주 팽창 하고 잇답니다 팽창 한다는 건 기압 올라가고 온도 상승 한다는 것 인데 이렇게 만드는 에너지 어디서 오는 것 일까 요,2023-09-22T08:00:01Z
qLXJlHoSz8w,개구 라다,2023-09-22T05:34:20Z
qLXJlHoSz8w,코디 누가 해줬나요,2023-09-21T11:21:45Z
5IbFUGVWO2k,년 부터 지 금년 까지 매일 매 초 마다 핵폭탄 개식 터트려 야 지구 온도 올라간다,2023-10-22T03:51:38Z
5IbFUGVWO2k,인간 너무 많아 애 낳으라고 하는데 지금 많다 전세계 적 그 만 애 낳아 야함,2023-10-22T00:25:53Z
5IbFUGVWO2k,전 지구 적 문제 오늘 내 실천 조그만 것 해결 하는 자기 위안 귀결 하는 것 참,2023-10-18T16:07:11Z
5IbFUGVWO2k,이채널 아주 유익하도 도움 되는 좋은 채널 이다 다만 개인 적 아쉬운건 심 채경 교수 님 이상형 이라 너무 상실 감 커,2023-10-18T08:55:56Z
5IbFUGVWO2k,모든 자동차 전기차 로 변환 되면 세대 전기차 전기차 배터리 전기 저장 용도 로 쓴다고 하더군요 전기 저장 해준 비용 을 오히려 차주 에게 주기도 하고 집 에서 밤 완충 된 배터리 낮 근무 중 회사 건물 전기 공급 해서 그 수익 을 차주 에게 주기도 한다고 합니다,2023-10-18T04:58:44Z
5IbFUGVWO2k,팩트 체크 해야죠 대한민국 전력 사 용량 정도 만이 가정 용 입니다 컴퓨터 쓰고 전기장판 쓰고 보는 용도 죠 나머지 가량 농업 및 산업 용 입니다 철광석 녹 이고 자동차 공장 돌리고 갤럭시 만드는데 쓰이는 거 예요,2023-10-17T20:10:50Z
5IbFUGVWO2k,너무 재밌다 과학 얘기 이렇게 재밌다니,2023-10-17T11:17:16Z
5IbFUGVWO2k,다 양보 하기도 힘들고 줄 이기도 힘드니 인류 줄이는게 가장 현실 적 인 답 이긴하네요 타 노스 그 도대체,2023-10-11T11:31:25Z
5IbFUGVWO2k,합리 적 봐도 못 막는게 합리 적 인 현실,2023-10-06T02:53:21Z
5IbFUGVWO2k,인당 전기 사 용량 을 말 할 때 산업 용 가정 용 을 분리 하면 가정 용은 전기 적게 쓰는 편입 니 다 정부 에서 발표 하는 지표 에서 인당 전력 소비 랑 부분 을 보면 한국 인당 전력소비량 많은 것 산업 부문 전력 소비 많기 때문 이다 한국 가정 부문 전력 소비 평균 보다 적다 라고 쓰여 있습니다 해당 자료 링크 걸었더니 댓글 지워지는데 구글 에서 국가 지표 체계 인당 전력소비량 로 검색 하면 나오는 첫 번째 항목 지표 누리 보면 됩니다,2023-10-05T17:07:33Z
5IbFUGVWO2k,그래서 대체에너지 개발 할 거 면 투자 해야한 다니까 그걸 몇 년전 부터 얘기 나왔는데 그냥 발전소 수만 늘려서 비중 만 늘리려고 해서 문제 발생 함 영상 에도 나온 것 처럼 출력 제한 문제 이고 그 낭비 되는 것 별개 로 에너지 효율 떨어져서 발전 효율 미만 수준 무조건 적 투자가 중요함,2023-10-05T12:58:50Z
5IbFUGVWO2k,개인 환경운동 다른 개인 에게 영향 을 줄 수 있고 그 개인 많아지면 사 회전체 바뀔 수 있다,2023-10-04T14:03:15Z
5IbFUGVWO2k,독일 사람 대체로 살짝 춥게 자는 걸 좋아해요 한국 와서 너무 더워서 못잤다는 사람 있어요 실제 로 의학 적 으로도 온도 살짝 낮 을 때 수면 들어가기가 쉽습니다,2023-10-04T11:07:13Z
5IbFUGVWO2k,사실 가장 강력한 온난화 기체 강제 로 만들어진 수증기 라 던데 맞는말인가요 아니면 강제 로 수증기 만들 때 사용 하는 방법 에서 이산화탄소 발생 해서인가요,2023-10-04T02:40:46Z
5IbFUGVWO2k,분야 깊이 들어 갔거나 넓게 생각 해 본 사람 어떤 문제 깊고 넓게 생각 해서 보는 시야 다르네,2023-10-02T10:53:30Z
5IbFUGVWO2k,"전 기 물고기 로 치료 되는 호박 일렉트리시티 대한 재밌는 이야기 발전소 에서 전기 어떻게 생산 되는지 알려주는 유튜브 동영상 
    그리드 망 신 재생 에너지 관리 어려움 을 겪고 있다 
    지구 온도 빠르게 상승 하고 있으며 이는 산업혁명 이후 추가 적 발생 산화 탄소 때문 이다 
    지구 온난화 심각한 문제 로 국제 적 인 대응 필요하다 
    년 동안 인간 만들어내는 이산화탄소 없애기 위해 필요한 나무 양은 한국 모든 나무 천배 정도 필요하다 
   ",2023-10-02T08:42:52Z
5IbFUGVWO2k,분야 대해 서 모르기에 헷갈립니다 산림 명확한 지구온난화 대책 라면 범 지구 적 인 대책 을 내놓지 않나요 아무리 제 세계 국가 일지 라도 개발 주는 경제 적 효과 클지라도 지구 대격 있다면 무슨 소 용이 죠,2023-10-01T08:37:27Z
5IbFUGVWO2k,년 전 쯤 한참 지구온난화 기후 변화 허구 라는 가짜 뉴스 만드는 유튜브 채널 많았었죠 트럼프 벤 샤피로 등 한참 남녀 갈등 을 조장 하고 인종차별 을 정당화 하는 동시 라는 단어 부정 적 사용 하는 큰 움직임 있었어요 그레타 툰베리 희화 하고 조롱 하는 영상 금전 적 이득 을 얻는 영상 많이 만들었구요 그때 당시 저 지식인 이라 부를 수 없는 일반인 이었지만 이건 근거 너무 빈약하다 싶어 여기저기 찾아보고 읽어 보고 했는데 의도 적 그런 가짜 뉴스 만드는 계층 이나 집단 존재 한다는 사실 을 알겠더라구요 그 채널 운영자 당시 영상 을 다 지웠지만 저 그때 스크린샷 을 찍어서 보관 해 두고 그 영상 에서 말 터 무니 없는 내용 적어 두었습니다 말하자면 요즘 유행 하는 레드 필 앤드류 테이 트 그런 남성 집단 을 중심 젊은 남성 우익 화 분노 유발 그 과정 자기개발 적 요소 교묘하게 넣고 조던 피터 슨 교수 강의 내용 중간 중간 넣었었구요 직접 적 기억나는 채널 명 유 읽 남이었습니다 당시 영상 많이 삭제 되어서 지금 다른 노선 을 취하 고 있겠지만 그렇게 미디어 통해 남자 특히 젊은 남성 에게 분노 그릇된 가치관 을 심으려 노력 하던 그 과정 에서 기후 위기 마저 거짓 처럼 오도 하던 분 계셨 음 을 기억 하셨으면 좋겠습니다 저 남자 고 이런 이야기 하면 모멸 적 여성 에게 인기 얻어 보려는 남성 을 부르는 표현 부르는 분 계시겠지만 지난 수년 간 젊은 남성 에게 못 된 정보 로 트럼피 필 두 로 우익 화 현상 을 객관 적 시각 에서 보면 어떨까 싶어 영상 글 을 남겨 봅니다,2023-09-29T13:33:28Z
5IbFUGVWO2k,인류 결국 기후 위기 해결 못 함 이번 세기 안 망할 가능성 높음,2023-09-29T06:12:35Z
Bd2vASlbXl4,영화 에서나 많이 듣던 단어였는데 뉴스 에서 만나니 이상하네요 오늘 감사합니다,2023-08-29T01:56:13Z
Bd2vASlbXl4,대중교통 이용 합시다,2023-08-24T12:10:13Z
Bd2vASlbXl4,지구 입장 에선 지긋지긋하고 쓰레기 같은 인간 하루빨리 다 사라져 줘야 저 암 같은 병들이 조금씩 나아질 발판 생기는거겠지 그냥 수순 대로 인류 사라져 주면 됨 애 지 간히 살아남아 욕심 껏 개발 해 대고 환경 파괴 하면서 살았음 나도 책임감 느끼고 그 과보 후대 절대 물리 지 않겠단 생각 자식 없이 내 대에서 마무리 할거 임,2023-03-27T03:22:40Z
Bd2vASlbXl4,줄리 안 귀엽,2023-02-13T15:23:53Z
Bd2vASlbXl4,핵전쟁 이야 말로 지구 구 하는데 필요한 행위 입니다,2023-01-19T16:32:30Z
Bd2vASlbXl4,엄청난 재앙 곧 올 듯,2022-12-30T01:43:18Z
Bd2vASlbXl4,그림 파괴 하는 수준 전 장연 이네,2022-12-29T23:27:23Z
Bd2vASlbXl4,박쥐 살 공간 을 마련 해주자,2022-12-22T04:19:41Z
Bd2vASlbXl4,코맹맹 집중 안되요,2022-12-22T03:47:08Z
Bd2vASlbXl4,저런 기후 좆문 들이랑 운동 들이 쥰내 역겨운게 중국 이나 인도 이런 근본 적 인 문제 단 한마디 안함 저 에겐 그냥 돈벌이 수 단일 뿐 여기저기 서 막 불러주니 몇 십년 동안 짭짤하겠지,2022-12-21T07:16:49Z
Bd2vASlbXl4,지구 죽든말든 내 알바 냐 사람 죽는데 지구 라고 안 죽겠냐 인간 언 젠 간 멸존한다,2022-12-18T13:48:01Z
Bd2vASlbXl4,분 을 구 냥 봤 네 분 영상 인 것 다 보고 알았네,2022-12-18T05:41:58Z
Bd2vASlbXl4,죽 을 때 까지 토마스 주스 얼굴 뿌려라,2022-12-18T05:32:41Z
Bd2vASlbXl4,이따위 퍼포먼스 시위 하면서 사람 이목 을 끌 고 얼굴 을 알릴 궁리 하지말고 지구 환경 을 위해 의식주 부터 자연 을 보호 할수 있는 제품 을 개발 하는데 머리 굴리 고 또 굴리 는데 힘쓰는게 옳은 일 아닌가요 짓 하는 애 지구 환경 을 위해 서 원 시 생활 을 하나 봐요 제 봤을 땐 뒤 로는 우리 보다 더욱더 쓰고 버리도 파괴 하고 오염 을 시키고 있을 겁니다 이애 하는 행동 테러범 똑같습니다 진짜 가지가지 로 미친 병 분산 하네요,2022-12-18T02:59:01Z
Bd2vASlbXl4,인간 에게는 바이러스 지만 지구 로 볼때 백신 이다,2022-12-17T10:32:48Z
Bd2vASlbXl4,뭐 대단한 일 하는것 같지 환경 시위 하 그것 보다는 너 거가 입고있는 옷 하나 더 안 사는게 더 대 단 한일 을 하는거다,2022-12-17T09:32:22Z
Bd2vASlbXl4,알 빠노나 살아있을 때 까지만 지구 멀쩡하면 됨,2022-12-17T06:54:22Z
Bd2vASlbXl4,저런 단체 그냥 정신병 같은 단체 임 저 돈 만 보고 저런 짓 하 거지 모 금액 더 모을라고,2022-12-17T05:10:55Z
Bd2vASlbXl4,너무 오 바다 효 그럼 인류 벌써 다 뒈지고 종말 했어야지 뭐 만날 말 워 험하다 지랄 하면서 바뀌는건 하나 없음,2022-12-16T14:15:39Z
Bd2vASlbXl4,환경 파괴 환영 할 일이 죠 빠른 기후변화 로 인류 종말 오기 바랍니다 지구 싹 갈아엎고 환경 좋아져야죠 지구 입장 에서는 인간 바이러스 니 참 기분 좋은 상황 입니다,2022-12-16T12:56:12Z
y3vluszN6mM,책 이벤트 당첨 민정,2021-05-03T02:49:59Z
y3vluszN6mM,참 좋은 영상 이긴 한데 수행평가 영상 이라서 좋 같네요,2023-10-05T13:13:25Z
y3vluszN6mM,음모론 제기 하는 놈 지 들은 무슨 최고 전문가 들인듯 그렇게 알고있으면 얼굴 까서 음모론 이라고 근거 제기 하면서 영상 찍어 보셈 비꼬는 것 지나가지 뭐 났다고 응 소용없어 하는지 모르겠네,2023-09-20T18:23:16Z
y3vluszN6mM,십년 이네 요 바퀴벌레 쥐등 차 생물권 사라지는 시기 그 후 말 하기 싫을만큼 무섭네요,2023-09-15T01:08:33Z
y3vluszN6mM,우리 이번 지구 마지막 인간 되겠군요,2023-09-10T08:55:49Z
y3vluszN6mM,가슴 뜨거운 강연 감사합니다,2023-09-06T04:07:39Z
y3vluszN6mM,지금 까지 기후 의기 이야기 들으면서 이렇게 실제 적 느껴지고 위협 감 을 체감 건 처음 이네 요 전 충청도 사는데 년도 지형 지도 보고 충격 가시질 않네요 실천 시급합니다,2023-09-04T15:08:23Z
y3vluszN6mM,진짜 똑똑하다,2023-08-19T08:50:23Z
y3vluszN6mM,지구 살리기 위 공부 실천 계기 되는 강의 였습니다 타일러 생각 했던거보다 훨씬 더 멋지네요,2023-08-16T14:11:19Z
y3vluszN6mM,타일러 기후 위기 한국어 로 타일러 주네 요,2023-08-14T07:05:34Z
y3vluszN6mM,중국 억 인도 억 우리나라 천만이 아끼고 안 써도 저 나라 안 하면 아무 것 안됨 우리나라 인구 배 가까이 됨 우리나라 저출산 안 그래도 멸망 임,2023-08-11T05:57:06Z
y3vluszN6mM,좋은 말이긴 한데 규모 갖춘 국가 그거 바꾸기 힘들다고 보는데요 특히 한국 같은 나라 수출입 먹고 사는데 거기 들어가는 비용 감당 안될텐데 대기업 뭐 세금 처 발라 서 하겠지만 그이 하는 자기 돈 들여서 해야하고 유지비 용은 뭐 에너지 아끼다 굶어 죽기 딱 좋겠네 아끼다 죽 나 쓰다 죽 나 똑같은데 현재 방식 으론 절대 못 바꿈,2023-08-09T07:09:46Z
y3vluszN6mM,어차피 돈 룩 업 처럼 되고 다 같이 죽게 될듯,2023-07-31T03:11:15Z
y3vluszN6mM,큰 단위 변화 개개인 의식 많아질수록 푸시 되니까 요 개인 노력 미약 걸 로 무력해질 게 아닌 그것 부터 쌓아가는 게 당연하다는 마음 을 갖겠습니다,2023-07-28T01:23:48Z
y3vluszN6mM,너무 스마트 타일러,2023-07-19T00:31:55Z
y3vluszN6mM,경 애하 테일러 씨 강의 충분히 공감 합니다만 이런 강의 하는 사람 실생활 에선 일회용품 엄청 쓰고 하는거 보고 그 이후 그다지 닿지 않더라구요 그 사람 말 을 보지 말고 행동 을 보라 고,2023-07-17T02:32:31Z
y3vluszN6mM,속지 들마라 한국 바보 야 다단계 회사 사이비종교 이딴 식 외국 하버드 석 박사 라는 얘 사전 집중 교육 시켜 한국어 대사 외우게 하고 사쿠라 약 팔이 야 바구 차력 쇼 하는 거 다,2023-07-15T01:43:14Z
y3vluszN6mM,개인 할 수 있는 건 없는데 어쩌 라는 겨,2023-07-09T05:59:54Z
y3vluszN6mM,기후 위기 타일러 라 쉬 감사합니다,2023-07-08T06:09:28Z
y3vluszN6mM,기후 위기 시대 라고 합니다 탄소 중립 을 위해 국민 모두 실천 중요하다고 생각 합니다 저희 아이 생명 달린 아주 중요한 사명 이라 생각 하고 제발 지구 살리는 생활 습관 을 갖도록 노력 합시다,2023-06-20T06:10:49Z
29-mtBIwRO0,무식한 인간 많으니,2023-10-30T20:12:40Z
29-mtBIwRO0,그냥 옛날 방식 살아야,2023-10-28T21:38:37Z
29-mtBIwRO0,년대 미국여행 가서 쇼킹 했던게 플라스틱 음식 을 분리 없이 그냥 마구 쓰레기통 넣는 모습 을 보고 충격 받음,2023-10-22T12:54:13Z
29-mtBIwRO0,우리 인간 인해서 결국 에는 인류 종말 현실 화 된다던데요 지구 또 오랜 세월 을 지나면서 새로운 생명체 만들어 내겠죠,2023-10-19T16:43:56Z
29-mtBIwRO0,빙하 이미 다 녹았음 요즘 세종 기지 방송 안 나오는이 유임 이미 빙하 다 녹아서 연구 할게 없음,2023-10-17T04:22:41Z
29-mtBIwRO0,방사 능 폐수 바다 방류 한다는데 그것 진실되게 다뤄서 진짜 걱정 안해 되는지 알려주세요,2023-10-16T08:00:50Z
29-mtBIwRO0,후쿠시마 방류 방관 하면서 플라스틱 자재 하자는건 어 불성 설 같은대요,2023-10-10T01:09:13Z
29-mtBIwRO0,후쿠시마 오염수 방출 로 인류 멸망 을 더 앞당길거 같네요,2023-10-08T14:57:37Z
29-mtBIwRO0,자본주의 부작용 이라고 하든데요 사실 입 니까,2023-10-08T14:00:41Z
29-mtBIwRO0,개인 이해 서 해결 될 일이 아니고 국제 적 해결 바랍니다 전쟁 난 곳 저희 끼리 싸우게 두고 돈 을 국제 적 걷어서 해결 바랍니다 각 나라 에서 벌금 내 도록 해 요,2023-10-07T07:13:31Z
29-mtBIwRO0,쓰레기 로 뒤덮힌 바다 인간 다 죽는다,2023-10-04T07:36:07Z
29-mtBIwRO0,중병 걸린 바다 인류 다 죽는다,2023-10-04T07:35:00Z
29-mtBIwRO0,아직도 생산 하고 있네요,2023-10-03T15:16:58Z
29-mtBIwRO0,매사 긍정 마인드 로 사물 을 봐야 한다 쓰레기 더미 관광 자원 화 시켜 일자리 소득 창 출 기회 로 삼 아야 다감 사합니다,2023-10-02T01:09:18Z
29-mtBIwRO0,배달 음식 문 제 프라스 틱 엄청,2023-09-28T10:57:15Z
29-mtBIwRO0,배달 음식 젤 많은 나라 문제 전부 프라스 틱 짬뽕 짜장 집 에서 해서 드 삼 밖 인터넷 만 들여다 보지 말고 심,2023-09-28T10:41:14Z
29-mtBIwRO0,말 못 하는 생물 들에게 큰 죄 짓고 지금 영원히 큰일 낫 네 어떻게 해야하나 인간 분명히 지 편한데 로만 살것이고 이기 적 무식 이렇게 까지내가 젤 좋아하는 바다,2023-09-28T10:31:38Z
29-mtBIwRO0,원시 로 돌 로 고기 잘라먹고 짐승 털 걸 처서 추위 막고 그렇게 살아야지 버스 자전거 전 기도 없는 맨발 로 걸어 다녀 그래도 지구 지진 을 일으키고 분화 폭발 분출 하고 번개 처 산불 일어나고 폭우 로 산하 싹 쓸이하고 지구 생긴이래 끊김 없이 요동치며 이어져 태고 적 공룡 맘모스 수많은 생명 멸종 되고 도태 되어와,2023-09-27T17:06:16Z
29-mtBIwRO0,인간 만 없어지면 다 정상 적 이다 하시 분 감동 입니다 정답 입니다 만사 형통 하십시요,2023-09-25T13:32:51Z
29-mtBIwRO0,저래놓고 후꾸시마 오염수 과학 적 이라 안전하냐,2023-09-24T21:02:05Z
JTEbex1RBd0,더불어 정권 나팔수 폐방 하 라,2023-08-03T09:52:24Z
JTEbex1RBd0,어용 방송 더불어 나팔수 이제 그만 하라 홍수 조절 가믐 극복 사대강 사엎 사막화 강물 을 살린단다 생태계 다양성 수자원 확보 댐 사대강 사업 필요하다,2023-08-03T09:50:58Z
JTEbex1RBd0,대한민국 개발 이란 미명 하 온 산하가 무분별 하게 훼손 되었다 물론 경제 적 인 이유 가장 컷 지만 년대 말 부터 시작 해서 큰 도약 을 했지만 환경 적 영향 전혀 고려 하지 못 개발 였기에 아름다운 금수강산 너무 파괴 되었고 젠 회복하기 어려운 지경 처 해 있다 외국 유명한 학자 말 을 들어 보면 대한민국 처럼 풍수지리 적 조건 좋은 나라 드물다고 얘기 한다 이제 라도 개발 을 할 때 충분하게 환경 평가 제대로 해서 개발 되었으면 하는 바램 이다 미래 후손 을 위 하여,2023-07-04T06:25:33Z
JTEbex1RBd0,과연 누구 위 대강 사업 이었나,2023-06-29T01:35:27Z
JTEbex1RBd0,그래도 뽑아주는 동네 니까 뭔 일이 생기 든지 말 든지 뽑아주면 독약 준 다해 뽑아줄텐데,2023-06-27T09:58:21Z
JTEbex1RBd0,과연 답 다 물 고 뜻 고 씹고 삼키고,2023-06-27T09:48:08Z
gw5PdqOiodU,저 부터 소비 중독 에서 벗어나야 합니다 감사합니다 몇 년 지나도 입지 않은 옷 옷장 서랍 가득 오죽하면 옷장 신발장 을 깨끗한 쓰레기 장이 라고 부를 지경 되었는지 몇 년전 부터 쇼핑 을 안 하고 있어요 냉장고 파 먹기 처럼 옷장 안 있는 옷 만 입어도 얼마 든지 살수있더라구요,2023-10-30T03:45:04Z
gw5PdqOiodU,모래 위 성 쌓기 내 쏘는 화살 돌고 돌아 나 뒷 통수 향 해 날아오고,2023-10-28T08:42:37Z
gw5PdqOiodU,옷 을 전기 로 만드는 기술 개발 하면 떼돈 벌텐데 왜 아무 안 하나,2023-10-26T04:46:24Z
gw5PdqOiodU,나 그래도 옷 을 사야겠다 입 을 옷 없다고,2023-10-25T02:56:23Z
gw5PdqOiodU,사놓고 안 입는 옷 이랑 의류 브랜드 매장 에서는 안 팔리는 옷 이월 제품 팔지 말고 감히 버려라,2023-10-25T02:52:12Z
gw5PdqOiodU,무지 에서 비롯 된 오염 너무 슬퍼지네요,2023-10-22T06:00:49Z
gw5PdqOiodU,너 거 꺼안 본 다나 오지마라,2023-10-17T00:17:53Z
gw5PdqOiodU,저희 언니 랑 형부 옷 을 너무 좋아해요 패션 스타 그램 이런거 올리고 코디 하는게 재밌나 봐요 옷 한두 푼 아니고 자기 소비 하겠다는데 뭐 라고는 못 하지만 그거 다 나중 쓰레기 될텐데 몇번 기분 내 자고 사 입는것도 그렇고 전 이해 못 하겠더라구요 저 제 산건 아니어도 엄마 친구 딸 분 사서 입다 물려 주신거 사촌언니 입으라고 준 코트 등 옷 꽤 많아요 제 산것 들도 물론 있고 옷 걸이 엄청나게 써야하고 그 마저도 걸어 둘 공간 없어 따로 박스 나 쇼핑 백 넣어 보관 하기도 하는데 종종 현 타 가오 고 어떤 날 옷 그렇게 많은데도 입 을 게 없다고 생각 하는 저 보며 참 많은 생각 듭니 다 가방 모자 사고싶어질 때 많아요 그럴 때 마다 꼭 필요한게 아니고 그냥 보여지기 위함 이란 걸 되새기며 소비 하지 않습니다 타인 시선 에서 완전히 자유로워질 수 있다면 저 스티븐잡스 되고싶어요 매일 검정 티 청바지 만 입으며 사는 삶 까지는 아니더라도 많은 미니 멀 리스트 분들 처럼 몇 가지 티셔츠 하의 만 남겨 두고 돌려 입는 그런 지혜 로운 사람 되고싶네요 옷 뿐 아니라 많은 물건 스트레스 불러오는 것 같습니다,2023-10-01T16:57:17Z
gw5PdqOiodU,기후 위기 문제 당장 집 불 난 것 처럼 대처 해야 한다는 말 공감 입니다 이제 생산 소비 관해 전 지구 적 큰 변화 논의 해야 할 때 라 생각 합니다,2023-10-01T07:56:36Z
gw5PdqOiodU,생각 치도 못 했던 쇼킹 영 상이 네 요 옷 벌 을 만들기 위해 사용 되는 엄청난 물의 양 이산화탄소 에너지 비해 너무 쉽게 버려지는 쓰레기 지구온난화 주 범 산업혁명 보다 더한 패션 산업 이란 사실 믿기지가 않네요 물질 만능 주의 살고있는 국민 모두 책임 의식 을 가졌으면 하는 바램 입니다,2023-09-27T13:54:25Z
gw5PdqOiodU,이런 방송 백 번천 번 나와 봐야 모하 냐 년전 에도 비슷한 방송 나왔었는데 변한게 없는데,2023-09-17T20:11:11Z
gw5PdqOiodU,자연 완벽한 작품 늘 행복하시길,2023-09-16T03:33:41Z
gw5PdqOiodU,뭐 야 이건 또 옷 만큼 리 사이클 되는 의식주 어딨는데 헛소리 해대 네 협찬 한번 입고 반납 하는거 다시 공장 들어가서 새 제품 나오기도 하고 구 제 시장 나오기도 하는데 그렇게 선진국 일반인 입다 버리면 중진국 후진국 구 제 의류 로 또 수출 되고거기 서도 버려지면 재난 구호 물자 로 활용 된다 위 권 밖 나라 여행 다녀 보면 지 문화 권 아닌 의류 막 입고 가끔 한국 브랜드 보이는데 그거 다 구호 물자 로 구제 의류 보내진거 임 그리고 직물 뭐 안 썩나 플라스틱 성분 믹스 제품 이나 안 썩는거지 매립 하면 잘만 썩음 이런 걸 로 시선 분산 시킬 시간 어업 쓰레기 재활용 못 하게 만드는 악질 라벨 플라스틱 중국 서해 방사 능 유출 몇 십년 째 계속 되는 낙동강 오 폐수 유출 이런거나 부각시켜라,2023-09-15T01:38:30Z
gw5PdqOiodU,내 봐 야하는 영상 진짜 자제 하고싶은데 옷 사는게 너무 좋아서 계절 마다 샀 능데 경 각심 필요 해보이네요 진심,2023-09-12T10:11:27Z
gw5PdqOiodU,연예인 옷 한번 입고 다 버리지 않음,2023-09-09T16:21:04Z
gw5PdqOiodU,인간 진짜 없어져야 될듯,2023-09-07T15:50:45Z
gw5PdqOiodU,이제 옷 그만 사야겠다,2023-09-06T15:30:25Z
gw5PdqOiodU,억 명 입니다,2023-08-30T06:43:57Z
gw5PdqOiodU,유난히 유행 민감한 민족 인구 수 위 아닌데 헌 옷 수출 량 위 이제 옷 그만 사야지,2023-08-24T17:42:22Z
gw5PdqOiodU,여 성 남성 의류 엉덩이 항문 생식기 붕 알질 클리 리스 엉덩이 가린것은 원 모양 아랫 배 가리는건 사각형 없는 이유,2023-08-22T04:33:53Z
z0rr_1uSazc,"지구 야 사랑 해 오프닝 
   기후 위기 심각 성 
   우리 기후 변화 무서워하지 않는 이유 
   인간 을 움직이는 동기 
   기업 다양한 환경 캠페인 
   행복 만족 빈도 
   우리 간과 해온 기후 변화 위험 
   당신 미래 소망 하게 하라 더 많은 환경 읽어 드립니다는 
 ",2022-01-19T09:10:40Z
z0rr_1uSazc,교수 님 말씀 좋은 메세지 주긴하지만 간과 하고 계신 점 보이네요 기후 위기 미래 아니라 현재 진행중 이라는 점 말 죠 코로나 등 각종 바이러스 성 질병 과일 등 농작물 값 상승 홍수 산불 침수 어민 이나 농민 저 지대 거 주민 등 지금 피해 겪고있는 사람 많은데도 내 겪는 일이 아니라서 그런것 아닐까 요 뭐 그런 부분 있지 않을까 하는 생각 입니다 년 년 아니라 모두 피해자 되고 식량 물 부족 생활비 엄청나게 뛸 날 년도 남지 않았다는게 과학자 생각 이라고 합니다,2023-10-18T01:36:07Z
z0rr_1uSazc,기후 년 정도 대 기 상태 평균 치 이고 날씨 그날그날 기후 죠 우리 예전 보다 변동성 잦은 기후 로 일기예보 보는 빈도 높아졌습니다 두려워 다기 보다 대비 하는것이고 극한 날씨 두려워서 외출 을 자제 합니다 이건 가까운 미래 경고 이니 우리 움직이게 하죠 그러는 동안 기온 평균 적 지구 올라 북극 녹고 그로 인해 우리나라 이상 기온 까지 영향 을 미치고 있는 겁니다 기후 시스템 이해 해야하는데 우리 그날그날 날씨 만 염두 두는 동안 우리나라 여름 길어지고 겨울 짧아졌습니다 기 온 위기 대하 여 심각함을 인지 하고는 있지만 전문가 영역 이라고 생각 하고 어떻게 대응 을 하겠지 그런 식 말 죠 그런데 이런 움직임 우리 하나 하나 모 여야 가장 큰 위력 을 발휘 하죠 민주 시민 으로서 기후 위기 적극 대비 하는 정치인 을 뽑아야하고 그 제대로 일 하도록 압박 을 해야죠 기후 대해 선 정부 야단 을 맞으며 일해 야한다고 생각 합니다 그리고 기후 대해 서 기후 마케팅 아닌 정말 지구 생각 하는 기업 제품 을 골라 구매 하여 기업 너 도나 생존 수단 환경문제 앞장서게 하는것도 우리 할 일 입니다 우리나라 국민 분리수거 제일 잘하고 뜻 만 뭉치 면 뭐 든 바꿀 저력 있는데 사회 복잡하고 피로하다 보니 기후 대해 서 관심 을 갖게하려면 지금 처 지 구 현실 위험성 보여줘 야할 필요 있죠 그런건 많은 매체 나 전문가 에게 맡기고 교수 님 말씀 대로 설득 해야 할 대상 심리 알 고 방법 을 연구 하면 좋을것 같은데 이미 그런 쪽 많이 움직이는것 같아서 희망 적 입니다,2023-10-15T07:01:55Z
z0rr_1uSazc,가치 환경 아젠다 정치 적 사용 기후변화 진실,2023-09-13T22:01:02Z
z0rr_1uSazc,년후 가을 하늘 이라는 말 에서 기후 위기 대해 아직 실감 하지 못 하고 있구나 지금 당장 큰 변화 갖지 않으면 년 을 장담 못 합니다 년후 인간 살더라도 기후 환경 끔찍할만큼 혹독할 겁니다,2023-09-07T15:12:35Z
z0rr_1uSazc,가장 빠른 해결 책 입니다 더 늦기전에 기후 재앙 을 막아야 합니다,2023-08-20T12:22:15Z
z0rr_1uSazc,회피 동기,2023-06-22T09:23:45Z
z0rr_1uSazc,기후변화 위기 론 사기 이다 지구 기온 먼저 상승 하고 이산화탄소 나중 증가 사실 빙하 시 굴 을 통해 입증 되었다 물 떠있는 북극 빙산 녹으면 해수면 상승 한다는 바보 같은 소리 하지마라 또한 남극 빙산 늘 고 있다,2023-05-20T09:56:37Z
z0rr_1uSazc,취업 못 해서 내일 죽겠는데 기후 위기 서민이 알 아 야할까 상류층 이나 신경 써야지,2023-04-30T10:17:13Z
z0rr_1uSazc,그 이유 자본주의 사회 원래 그렇게 사람과 사회 관리 해 왔기 때문 입니다 부자 로서 욕망 가난 공포 로 사람 각종 문제점 을 그럭 저럭 통제 해왔습니다 사람 문제점 을 통제 하는 시스템 사실 만들기 대단히 어렵습니다 자본주의 로 통제 하는 것 그나마 제일 나았는데 이제 그 한계 도달 겁니다,2023-04-24T21:28:48Z
z0rr_1uSazc,예수님 창조 주시 며 심판 주로 다시 오실 때 가깝습니다 기독인,2023-02-12T04:20:42Z
z0rr_1uSazc,국가 차원 에서 큰 결단 을 하고 밀어 붙이 지 않는 개개인 노력 무의미합니다 개인 더 많은 개인 을 불러 들여서 전 국민 적 인 단체행동 되어 극단 적 탄소 제로 향 사회 만들어 간다 면 모를까 그건 삶 패러다임 을 바꿔 버릴만 문제 입니다,2022-11-26T16:57:14Z
z0rr_1uSazc,덕분 입니다 감사합니다 늘 건강하시고 뜻 하시는 일 들잘 이루시길 바랍니다,2022-11-21T09:23:31Z
z0rr_1uSazc,환경문제 입 닫고 만든 값싼 제품 환경문제 위해 노력 하며 비싼 제품 뭐 더 많이 팔릴까 사실 우리 지갑 답 을 알 고 있지,2022-10-25T22:44:10Z
z0rr_1uSazc,기후변화 때문 얼음 녹고 북 그 곰 사라진다고 생각 하 니 참 슬픔니다,2022-10-19T01:11:36Z
z0rr_1uSazc,환경 을 생각 하는 보드게임,2022-10-18T09:38:05Z
z0rr_1uSazc,기후 위기 보다 더 위험한 굥정부 인 대한민국 올 해안 망한게 생겼네요 찍 로 나라 망합니다,2022-09-29T23:38:10Z
z0rr_1uSazc,근데 문제 지금 에너지 원 을 바꾸지 않으면 고작 년 후 쯤 엔 이미 세계 도시 곳곳이 물 잠길 거 라는 거 소망 좋은데 년 후 얘기 오히려 기후 위기 지금 당장 일이 아닌 것 처럼 느껴지게 만드는 것 같기도 하네요 당장 해야 되는 일 인데,2022-09-25T12:55:41Z
z0rr_1uSazc,진짜 유익한 강연 이었습니다 감사합니다,2022-09-23T01:35:53Z
z0rr_1uSazc,군인 아닌 보통 월급쟁이 내일 출근 을 걱정 하는게 현실 죠 그나마 대기업 이나 공무원 쯤 이나 되면 점심시간 때 해외 협력 부서 나 협력 처 현지 상황 조사 때문 에라도 기후변화 살펴볼 수 밖에 없겠지요 해외 발전소 건설 선박 농산물 수출입 해외 부동산 등 해외 수 주가 많거나 환율 다루는 팀 에서는 매 일 정보 체크 하겠죠 당장 해야하는 업무 니까 요 그 외 엔 그냥 환경보호 수준 으로만 생각 하고 살아가는게 보 통일 것 같네요,2022-09-21T17:43:43Z
qGmbCFLJSW4,그냥 빨대 쓰지 맙시 다 그게 정답 입니다,2023-09-29T04:13:48Z
qGmbCFLJSW4,옷 종이 옷 입어라 노인 내야 어휴 찌질하다고 선민의식 찌들어있노,2023-07-31T22:23:12Z
qGmbCFLJSW4,각 나라 마다 사 저 잉 다르지만 서로 서로 노력 해야 할부 분 지국 전체 에서 해야 할 일 각 개인 노력 하고 온 국민 지구 전체 에서 꼭 해야 할 일 지금 살다가 가면 그 만이 지만 후손 살 아 갈 환경 선조 관리 해서 넘겨주는것이 예의 라고 생각 함 그렇치 못 기업 이나 비 양심 적 인 나라 개인 다 각성 해야 할듯 게몽운동 을 해야 함 각 나라 마다 그 국민 을 일 깨우는 게몽 캠페인 을 법적 통제 의식 수준 을 일 깨우는 사회 활동 을 꼭 해야 함 그 래야 병들어 가는 지구 재생 하는 능력 을 빠르게 할수도 잇고 더욱더 쾌적한 지구 만들어 갈수 잇는데 조력 을 끈임 없이 해야 한다고 주장 해봄,2023-07-29T23:26:16Z
qGmbCFLJSW4,종이 빨대 탄소 배출 량 플라스틱 빨대 배 최재천 그냥 써라,2023-07-20T03:06:01Z
qGmbCFLJSW4,뭐 이딴 인간 다 있냐,2023-07-17T03:16:02Z
qGmbCFLJSW4,근데 종이 빨대 환경 때메 만들어졌다고 한데 사실 상 종이 빨대 나무 베어서 만드니 깐 플라스틱 빨대 보다 더 환경 을 파괴 합니다,2023-07-13T07:29:20Z
qGmbCFLJSW4,빨대 둘째 치고 골프장 부터 일단 만들지 말 고 골프 마약 처럼 규제 해야 하는 거 아닌가 싶은,2023-06-27T09:26:47Z
qGmbCFLJSW4,그 보다는 플라스틱 을 분해 하는 방법 더 예산 을 투입 하는게 어떨까 생각 해 봅니다 빨대 줄여 봐야 조 족 지혈 입니다,2023-06-15T03:57:55Z
qGmbCFLJSW4,자연 스스로 회복하려 한다는 생각 어떻게 들게 되셨나요 사례 말씀 해 주시 면 더 좋을 것 같아요 사실 환경문제 심각하다고는 해도 눈 보이질 않아서 몸 편한대로 자꾸 행동 하게 되거든요,2023-06-13T15:09:04Z
qGmbCFLJSW4,종이 빨대 재활용 안된다네요,2023-06-06T07:46:26Z
qGmbCFLJSW4,미국 에선 작년 정도 부터 종이 빨대 많이 쓰기 시작 했어요 대중화 된 패스트푸드 점 커피샵 등 젠 거의 종이 빨대 씁니다,2023-05-26T22:48:30Z
qGmbCFLJSW4,해양 쓰레기 오염 어업 종 사자 비율 절대 적 높은데 왜 그 대한 책임 어업 종사 자도 아니고 바닷가 끽해야 년 한번 갈까말까 비어 업종 사자 일반 사람 보고 너 네 환경보호 해 거리 면서 종이 빨대 강요 하는지 어업 종 사자 좋겠네 거의 뭐 책임 없는 쾌락 급 임 어망 이나 못 쓰는 폐기물 어업 질하면서 버려 버리는데 아무 그 한테 책임 안 묻고 뜬금없이 종이 빨대 써야 된다고 우리 모두 못 입니다 거리 면서 쑈 하고있으니,2023-05-23T13:22:24Z
qGmbCFLJSW4,플라스틱 컵 종이 빨대 꽂아주겠지,2023-05-19T03:40:37Z
qGmbCFLJSW4,인류세 닭뼈 플라스틱 고기 점 을 생산 하기 위 환경오염 심각하다는 각종 매체 정보 접 할 때 마다 눈물 앞 을 가립니다 교수 님 통찰 력 놀랍습니다 생각 하 셧다 니 얼마 전 강원도 산불 을 보며 임도 없어 진화 못 하는 인간 한계 보며 권력 기관 준비 성의 주먹구구 식이 허송 세월 로 복지부 동하 다가 닥치고 나면 그때 서야 또 주먹구구 식 실천 제대로 하지 않을 대책 을 허겁지겁 내놓지요 무슨 개그 콘서트 하는것도 아니고 농약 살포 하 듯이 건조기 물 뿌려줄 생각 센스 감각 있으면 누구 라도 할듯 한데,2023-05-14T07:46:42Z
qGmbCFLJSW4,왜 생산 제한 을 하지 않을까요 이미 공급 상한선 진즉 넘어 섰을텐데요 같은 품목 같은 성향 물건 지구 뒤 덮고 있는데도 강제 적 라도 생산물량 을 조절 하려는 시도 필요한 싯점 아닌가 싶습니다 개인 적 인 생각,2023-05-14T07:34:06Z
qGmbCFLJSW4,종이 빨대 헹궈 말려서 한번 다시 쓰고있어요 장시간 담궈 두지 않으면 괜찮더라고요,2023-04-29T07:37:58Z
qGmbCFLJSW4,시간 까지도 안 가도 되고 분만 담궈 놔도 흐물 해지고 눅눅해져요 플라스틱 빨대 대체 점 빨대 안 쓰는 것 이지 종이 빨대 아닌 것 같아요 흐물 해지고 심지어 녹기도 해서 빨대 기능 을 잃기도 하고 애초 내 부적 인 코팅 때문 재활용 안 되는데 종이 빨대 불편함을 찌질하다고 하는 게 더 이상합니다,2023-04-25T11:21:01Z
qGmbCFLJSW4,종이 눅눅한 맛 나요 그래도 늘나는 플라스틱 쓰레기 보면 감수 해야 할 거 같아요,2023-04-23T09:49:38Z
0zzXc9qN1C0,온라인 에서 영상 을 재생 할 때 이산화탄소 발생 한다고 합니다 온라인 데이터 저장 하고 전송 하는 시설 인 데이터 센터 시간 일 가동 되면서 많은 전력 을 소모 하며 과정 에서 이산화탄소 포함 온실가스 발생 한다는 것 입니다 특히 영상 데이터 소비 많다고 합니다 기업 데이터 센터 전력 소 모 량 을 줄일 수 있는 곳 전략 적 짓는 등 전력 소비 줄일 수 있는 방향 을 간구 해야 할 것 입니다,2023-10-17T09:21:00Z
0zzXc9qN1C0,환경 기사 올려주셔서 감사합니다 미처 생각 하지 못 했습니다,2023-10-13T07:01:57Z
0zzXc9qN1C0,구글 포토 나 드라이브 파일 저장 되어있는것도 탄소 배출 됨,2023-10-10T03:55:34Z
0zzXc9qN1C0,바다 넣으면 그것 생태계 파괴 아닌가,2023-10-01T19:28:37Z
0zzXc9qN1C0,가치 환경 아젠다 정치 적 사용 기후변화 진실,2023-09-13T22:00:02Z
0zzXc9qN1C0,괜찮아요 인구 줄고있으니까,2023-09-07T12:44:59Z
0zzXc9qN1C0,안녕하세요 옥 서 초등학교 입니다 영상 유익해서 교내 아침 방송 사용 하려고 하는데 가능할까 요,2023-05-31T00:58:30Z
0zzXc9qN1C0,다른사람 뇌 전 기 적신호 자신 에게 쏘면 그 다른사람 생각 읽혀서 공부 안해 성공할 수 있습니다,2023-05-28T02:32:42Z
0zzXc9qN1C0,여러분 메일 이나 정리 하세요 얼른,2023-05-21T08:59:47Z
0zzXc9qN1C0,유투브 영상 올릴 때 마다 환경 파괴 된다는거 알 고 계시나요,2023-05-16T04:10:12Z
0zzXc9qN1C0,조절 하며 사용 해야지 다,2023-03-01T06:28:54Z
0zzXc9qN1C0,그린피스 말 거르는 게 좋음,2023-02-15T03:48:48Z
0zzXc9qN1C0,여러분 환경 얘기 나와서 생각난건데 아보카도 먹지말고 키우세요 물 먹는 하마 라 쌀뜨물 이나 우유 헹군 물 이런 것 정수 하는 데 훨씬 많은 깨끗한 물이 소모 되는데 아보카도 싹 먹고 쑥쑥 커요,2023-02-02T03:42:07Z
0zzXc9qN1C0,왜 그냥 사람 숨쉬는 것 이산화탄소 발생 환경오염 이라고 말 하지,2023-01-27T13:33:24Z
0zzXc9qN1C0,핸드폰 많이 하면 안되겠다,2023-01-21T14:45:48Z
0zzXc9qN1C0,일단 부터 계정 폐지 하던가,2023-01-07T12:25:58Z
0zzXc9qN1C0,기후 위기 해결 책 입니다,2022-12-26T02:18:34Z
0zzXc9qN1C0,뭐 핸드폰 없이 사는 시대 로 돌아가는 것 고려 해볼 방법 겠는데요,2022-12-24T07:12:35Z
0zzXc9qN1C0,로 벌꿀 이나 죽이는 니 네 딥 스테이 트 진짜 환경 파괴 자지 무슨 소 탓 고 기 탓 을 하냐,2022-12-23T03:59:03Z
bOBpUEN0jiE,가장 빠른 해결 책 입니다 남 일이 아닌 기후 위기 더 늦기전에 기후 재앙 을 막아야 합니다,2023-10-12T12:22:18Z
bOBpUEN0jiE,여러 생물권 중 기후 맞아 번영하고 기후 안 맞아 쇠퇴하는 시기 인류세 불리는 시기 인류 잠시 머물다 쇠퇴하는 시기 지 요 단 자연 변화 그 시기 긴 반면 인류세 그 시기 짧아 단 백년 사이 끝날 기후 환경 을 만들고 있지요,2023-09-16T22:29:13Z
bOBpUEN0jiE,쯔쯔가무시병 엄청 위험해요 진드기 물리 면 정말 생명 위험할수 있어요,2023-09-14T08:58:44Z
bOBpUEN0jiE,아 그래서 외국 잔디밭 에서도 누워 있는 거구 나,2023-09-06T10:32:00Z
bOBpUEN0jiE,기후 위기 아닙니다 여러 번 있었던 생물 변혁 시기 중 하나 입니다 단지 간빙기 중 지구 극지방 위도 극지방 얼음 을 만드는 단 몇 만년 시기 나타난 인류 그 얼음 을 녹여 지구 인류세 끝낼 정도 로 만든것 뿐입니다,2023-09-05T11:48:24Z
bOBpUEN0jiE,식량 위기 탄소 배출 자동차 매연 만 탓 하고 육류 소비 얘기 왜 쏙 빼지,2023-09-04T16:57:19Z
bOBpUEN0jiE,해수면 상승 팩트 인데 기후변화 별로 라고 그린란드 빙하 만 녹아도 해수면 상승 이고 남극 까지 녹으면 상승 인데 해수면 상승 하면 전 세계 주요 도시 모두 바다 속 잠긴다는게 팩트 다,2023-09-04T14:23:09Z
bOBpUEN0jiE,진드기 도시 공원 의자 앉아있어도 엄청 많이 떨어지는데 시골 문제 라고 만 말 하네,2023-08-31T12:20:37Z
bOBpUEN0jiE,여름 길어지면 논 농사 밭농사 이모작 해서 식량 보존,2023-08-31T11:47:03Z
bOBpUEN0jiE,걸 왜 대중교통 타고 다니는 내 듣고 있나 국회 가서 이야기 해주세요,2023-08-29T10:40:48Z
bOBpUEN0jiE,태초 지구 표면 거의 평평했다 지금 산 구릉 사람 살 만 평평한 땅 되기까지 수억 년 걸렸을 것 이다 우리 지금 역사 순간 아주 미미한 먼지 같은 존재 로 갑론 을 박 하고 있을 뿐 이다,2023-08-27T16:10:31Z
bOBpUEN0jiE,정책 결정 권 걸 꼭꼭 보길 전기차 같은 걸 로 사기 치지말고 탄소 배출 자체 줄일 생각 전혀 안함 대중교통 더 세금 을 써라 근데 핵 오염수 투기 찬성 하 정부 사람 고통 신경 쓸까,2023-08-27T10:46:25Z
bOBpUEN0jiE,박수 이야 나 한테 박수 받기 쉽지 않은데,2023-08-27T09:37:15Z
bOBpUEN0jiE,층 자주 잠길건데 못 짓게 해야되 지 않나 대지진 한번 나면 부실 아파트 무너질듯,2023-08-27T09:18:10Z
bOBpUEN0jiE,기후변화 가장 문제 컴 트레일 컴트 만 안 뿌려도 지구 깨끗해진다 어릴 적 부터 기후 위기 거짓말 을 듣고 살았다 맞는게 하나 없었다 사람 기후 위기 알 고 말 할까 하늘 을 자주 보세요 컴트 자주 뿌리 고 다닙니다,2023-08-27T03:17:00Z
bOBpUEN0jiE,마이크 회욤 이냐 커버 씌우고 써라 더럽다,2023-08-26T19:41:33Z
bOBpUEN0jiE,다 망할껀데,2023-08-26T06:23:40Z
bOBpUEN0jiE,눈 감고 들으면 고창석,2023-08-24T07:36:27Z
bOBpUEN0jiE,쯔쯔가무시 백신 나와야겠네요,2023-08-18T05:35:10Z
bOBpUEN0jiE,그 쵸 모든 재해 에는 약자 부터 피해 보게 되죠 그리고 부자 기득권 자신 일이 아니니까 관심 없죠 분명히 기후 위기 몇 십년 전 부터 이야기 나왔는데도 여기 까지 왔겠죠,2023-08-16T03:55:46Z
jSiCUO6mZOc,누가 아프리카 에서 태어나래,2023-10-29T16:45:11Z
jSiCUO6mZOc,나 삼립 에서 빵 만드는 일 했을 때 빵 모양 약간 안 이뻐도 다 버리고 물량 다 만들어지면 멀쩡한 빵 남는거는 니 어 카 로 수십 번 버리고 매일 마다 버린게 몇 트럭 씩 나옴 첨 엔 보고 믿지못 했지 아까워서 주어 먹고 그랬음 먹어고 먹어도 매일 옛날 시골 집 집채 만하 게 버림 빵 갯수 딱 알맞게 뽑을수도 없나 봄 개 빠르게 돌리니까 막 빵 찍고 기계 씻고 빵 버리고 다음 빵 막 찍고 씻고 버리고 빵 찍고 정신 없고 힘들어 쓰러질것같이 다녔음,2023-10-27T03:47:57Z
jSiCUO6mZOc,북한 쌀 비료 지 원하자,2023-10-16T19:34:15Z
jSiCUO6mZOc,아니 진짜 폐기 직전 음식 같은거면 마트 에서 정가 가격 팔아라 그럼 누가 안 사냐,2023-09-28T14:02:43Z
jSiCUO6mZOc,음식 뿐 만이 아니고 다 팔리지도 않으면서 재고 만 쌓이는 제품 너무 많음,2023-09-23T01:02:54Z
jSiCUO6mZOc,음식물 을 남기고 버리는 건 부끄러운 일이 네 요 프랑스 대형 마트 음식 폐기 금지 기부 법 우리 나라 에도 있으면 좋겠네요 내일 부터 식 재료 조금씩 사고 안 남기도록 노력,2023-09-12T14:17:06Z
jSiCUO6mZOc,대형 마트 푸드 뱅크 와의 연 계로 신선한 음식 을 버리는 죄 저지르지 말아야,2023-09-10T11:25:00Z
jSiCUO6mZOc,인간 쓰레기 네,2023-09-08T07:16:48Z
jSiCUO6mZOc,우리나라 줄여 야한다 스티커 떼고 빵 버리더라,2023-09-07T14:14:41Z
jSiCUO6mZOc,어마어마해요 평소 외식 안 하고 배달 안 시키고 살아왔는데 영상 을 보니 제 삶 덜 부끄럽네요 감사하고요,2023-09-07T08:37:11Z
jSiCUO6mZOc,저렇게 버리면 모두 손해 입니다 외식 비 비싼 이유 버려지는 비용 까지 소비자 떠안아야 해서죠 무료 기부 했다가 먹고 탈나는게 걱정 이면 더운 여름철 에만 기부 금지 하면 되죠,2023-09-06T19:24:45Z
jSiCUO6mZOc,양보 다 질 로 먹는 방향 바꿔야,2023-09-06T17:12:43Z
jSiCUO6mZOc,제 회 하나 뿐 인 지 구 영 상제 출품 작품 보고 구독 했어요,2023-09-05T13:58:27Z
jSiCUO6mZOc,저럴 거 면 폐기 음식 나눠주라 서민 물가 올라서 먹고 살기 힘든데,2023-09-02T06:15:52Z
jSiCUO6mZOc,의미 있는 소중한 여 상이 네 요 봤습니다,2023-08-29T04:46:34Z
jSiCUO6mZOc,음식 쓰레기 정말 심각하네,2023-08-29T04:36:52Z
jSiCUO6mZOc,나중 보고 배워라 버린 걸 후회 할거다,2023-08-27T16:55:29Z
jSiCUO6mZOc,먹을게 막막하다고 말 만 하지말고 촬영 출 장비 주고 니 고 프로 하나 만 들고 촬영 하면 된다 먼산 불구 경하 니 더 나쁜 놈 들임,2023-08-24T18:22:32Z
jSiCUO6mZOc,코로나 전 엔 아무 생각 없었는데 코로나 후 아웃렛 가보고 숨 막히더라구요 너무 많은 음식 상품 그거 다 누가 먹고 사용 할 건지 어차피 다 못 팔텐데 버려질텐데 또 새로 만들고 팔고 버리고,2023-08-20T15:29:57Z
jSiCUO6mZOc,네이션 돌려도 좋을듯,2023-08-11T20:15:10Z
5IU5rsSzl0o,오 너무 좋은 지식,2023-10-20T02:13:27Z
5IU5rsSzl0o,게 자연환경 훼손 정도 이면 후쿠시마 오염수 조다 저 거 야 마음먹고 나무 심으면 회복할 수 있잖아 오염수 쏟아진 오염수 다시 주워 담 을 수 있어,2023-08-31T09:43:06Z
5IU5rsSzl0o,얼마나 많은 불법 뒷돈 오갔을까 정부 돈 눈 먼 돈 이라 더니 업체 만 배부르게 하는 모든 돈 수사 해라,2023-08-30T03:42:26Z
5IU5rsSzl0o,현재 산림 법 못 되어 있을 뿐 산이 나무 만 있다고 좋 게 아님 산불 관리 피해 방지 임도 프로 있어 야함 나무 옆 있다가 전기 로 불남 댓글 중 몇몇 개돼지 아니네,2023-08-29T22:58:11Z
5IU5rsSzl0o,태양광 대해 서는 왜 아무 말 안 하는지,2023-08-29T13:44:31Z
5IU5rsSzl0o,태양광 파 봐 이건 새 발의 피 야,2023-08-29T08:03:59Z
5IU5rsSzl0o,송전탑 넘어가면 바로 산불 나 는거내요,2023-08-29T02:21:25Z
5IU5rsSzl0o,인간 발전기 밑 살기 힘든대 민감한 동물 어떻게 하냐,2023-08-29T00:19:55Z
5IU5rsSzl0o,저동 네 이제 동물 자취 감추지,2023-08-29T00:02:18Z
5IU5rsSzl0o,엔지니어링 업체 행 하는 환경 영향 평가 제도 자체 문제,2023-08-28T23:33:10Z
5IU5rsSzl0o,우리나라 산지 다 남아도 산지 개발 하는데 뭔 잔말 많나 산지 될떄 까지는 더 많이 개발 해라 그렇잖아도 땅 부족한데 소리 정도껏해 야 지,2023-08-28T22:20:01Z
5IU5rsSzl0o,친환경 이라고 하더니 산림 다 훼손 하네 없애라 별 소득 없는데,2023-08-28T12:46:07Z
5IU5rsSzl0o,국토 에가 산이 다 길좀 냈다고 오 바좀 하지말자 그저 언론 에서 기사 만 내면 우르르 몰려가서 댓글달고 나라 비정상 이네 어쩌 고 저쩌 고 임도 있어야 관리자 편하게 다닐거 아냐,2023-08-28T10:41:23Z
5IU5rsSzl0o,모든 분야 에서 하는거 보면 진짜 지금 한세대 즐기고 대한민국 접 을 생각 처럼 보임,2023-08-28T07:04:40Z
5IU5rsSzl0o,아니 우리나라 그 운 을 막는다고 일제 쇠말뚝 박고 그랬는데 이건 쇠말뚝 수 만배,2023-08-27T22:31:13Z
5IU5rsSzl0o,문 재앙 년 결과 태양광 풍력 산 을 북한 화 해 버림,2023-08-27T21:32:16Z
5IU5rsSzl0o,태양열 발전 한다고 산 까부셔 버린건 머냐,2023-08-27T18:44:49Z
5IU5rsSzl0o,더 문제 풍력발전 조류 날 아 다니는 길목 설치 해서 매년 수십만 마리 조류 죽어 나가고 있음,2023-08-27T14:45:29Z
5IU5rsSzl0o,롬 모든 사람 죄 지었으므로 하나님 영광 이르지 못 하다가 롬 삯 사망 요 죄사 함 을 받지 못 하면 불타는 지옥 떨어집니다 주 예수 그리스도 십자가 에서 죽으시고 일후 부활 하신 하나님 인것을 마음 을 다해 서 믿으실 때 모든 죄 사라집니다 딤전 신비 논쟁 여지 없이 위대하도다 하나님 께서는 육신 나타나셨고 롬네 네 입 주 예수 시인 하고 또 하나님 께서 그 죽은 로부터 살리신 것 을 네 마음 믿으면 구원 을 받으리라 이는 사람 마음 믿어 이르고 입 고백 하여 구원 이르기 때문 이라 엡 너희 믿음 말미암아 은혜 로 구원 을 받았으니 것 너희 에게서 난 것 아니요   하나님 선물 이라 행위 에서 난 것 아니니 아무 자랑 하지 못 하게 하려 하 심 이라,2023-08-27T10:48:36Z
5IU5rsSzl0o,아니 모 지리 같은 것 지을 때 아무 소리 안 하고 있다가 다 지어 놓으니깐 뉴스 나와서 이러노 공사 하기전에 미리 미리 단속 해라,2023-08-27T04:28:00Z
spJNZq7fPeQ,화석연료 돈 을 안 내겠다면서 플랜카드 들고다니네,2023-10-31T12:11:03Z
spJNZq7fPeQ,환경 단체 하는 짓거리 우리나라 마찬가지,2023-10-30T04:59:03Z
spJNZq7fPeQ,니 먹고 숨쉬는것도 환경 안좋으니 생 을 마감 하는게 환경 을 위해 좋겠네 누워있을 떄 대 망치 로 대가리 방 씩 쳐주고 싶다,2023-10-29T14:12:44Z
spJNZq7fPeQ,제조업 망한 똥 국가 가서 쇼 하지 말고 제조업 대표 국 한국 중국인 도등 가라 뭐 하냐,2023-10-29T04:20:23Z
spJNZq7fPeQ,저 것 죄다 정신 병자,2023-10-28T02:59:08Z
spJNZq7fPeQ,환경 단체 돈 정치 적 힘 을 원함 환경 단체 활동가 정치 적 올바른 기반 명예 원함 소규모 기 부금 운영 되는 단체 이제 정부 세계 기관 을 등 업고 기업 을 쥐락펴락 할 수 있는 부를 원하는거지 실제 적 활동 하는 사람 약간 기 부금 에서 떼서 주겠지만 내 이렇게 환경 을 생각 하고 나 이렇게 올바르고 자기만족 을 통해 서 알아서 해주 니까 얼마나 창조 적 인 경제 아니냐,2023-10-27T09:58:47Z
spJNZq7fPeQ,덕분 더 많은 물 을 버림,2023-10-25T09:26:48Z
spJNZq7fPeQ,왜 환경 단체 라 부르냐 그냥 테러리스트 라고 해 라,2023-10-25T03:28:35Z
spJNZq7fPeQ,그냥 저런 새끼 배고픈 사자 우리 던져줘 야함 환경 을 위해 서,2023-10-24T04:37:06Z
spJNZq7fPeQ,저런 것 을 왜 활동 하 게 두지,2023-10-24T00:12:25Z
spJNZq7fPeQ,쟤 물 만 톤 을 희생 시켜서 더 많은 양 물이 희생 되는걸 막는거라고 생각 할 걸,2023-10-23T22:28:20Z
spJNZq7fPeQ,미개하다 증말 강약 약 강 공장 가서 테러 하지 왜 애꿎 곳 을 테러 하냐 살해 당할까봐 두려운가 겁쟁이,2023-10-23T22:08:27Z
spJNZq7fPeQ,무기징역 때려 버리면 다신 안 할듯,2023-10-23T05:31:59Z
spJNZq7fPeQ,그럼 지 들은 왜 옷 입음 페인트 또 왜 씀 환경 이랑 예술 작품 이랑 상관 있음 그럼 지 들은 왜 먹음 그럼 지 들은 왜 물 에다가 먹물 뿌림 그것 때문 물이 나 낭비해야 했 음지 하고 있는 행동 자체 환경 을 파괴 하고 물 을 쓰고 불 을 쓰고 사회 이상하게 만든거를 지 들은 이상하게 생각 하지 않고 정의롭 게 생각 함뭐 마지막 세대 그냥 환경보호 단체 환경 파괴 단체 로 이름 을 바꾸 셈 지 들이 환경 파괴 하고 있는것도 모르면서 예술 작품 파괴 되는 그 분노 자연 을 파괴 하고 있는 인간 바꾸십시 요 라고 그럼 우리 지 엄마 죽이 고우리 니 엄마 죽인 분노 환경 을 위해 써주세요 이딴 말 이랑 같지 않은게 하나 없음 제발 마지막 세대 다른 환경보호 단체 망하고 개 식용 금지 단체 얘 네 들은 자기 한테 귀엽게 보이는 동물 만 동물 이고 소 닭 돼지 양 물고기 등등 등 이런 동물 먹어도 되는게 지 상식 임 다른 사람 동물 유기 해서 돈벌 생각 만 하는 놈 그냥 세계 에서 사라져 야함하지만 사회 생각 하고 사람 생각 하는 단체 있으니깐 다행 이라는 생각 든다내 긴말은 여기 서 끝 입니다,2023-10-22T08:12:19Z
spJNZq7fPeQ,지 옷 석유 드러 간지 모르고,2023-10-21T00:40:29Z
spJNZq7fPeQ,현수막 옷 모두 화석연료 기반 인데 대체 왜 저러는거 임,2023-10-20T12:22:52Z
spJNZq7fPeQ,그냥 저 것 환경 단체 아닌 관종 모임 인거 같다 환경 핑계 다,2023-10-20T11:21:35Z
spJNZq7fPeQ,저 작품 손 붙인것 들은 손 째 로 자르면 딱좋겠네,2023-10-20T11:16:00Z
spJNZq7fPeQ,저 인간 몸 걸친것 중 환경오염 안 시킨게 뭐 있지,2023-10-19T02:31:01Z
spJNZq7fPeQ,잡아다가 다 패 면 고쳐 짐,2023-10-18T13:15:35Z
CXi4i4tD254,건강한 댓글 문화 위해 강연 대한 비하 비난 차별 적 발언 욕설 등 불쾌감 을 줄 수 있는 댓글 통보 없이 삭제 될 수 있습니다 겨우 벌써 뜨거운 북극 존재 했었다 국토 반 잠긴다는데 사실 인가요 그럼에도 왜 음모론자 헛소리 하나요 기후 음모론 대한 생각,2023-07-02T13:28:54Z
CXi4i4tD254,박사 님 모르는게 약 이라는 속담 을 모르시는것 같아요,2023-10-31T04:10:59Z
CXi4i4tD254,추워진다면 사람 더 다르게 반응 했을지도 모르겠다 더워서 죽는 것 보단 추워서 죽는게 더 상상 잘가니까,2023-10-29T15:40:45Z
CXi4i4tD254,기후 인간 적응력 못 따라가는것 일 뿐 그로 인해 절멸 할수 있다는것 이미 섬나라 사라져가고 있으니 인류 멸망 맞다는것이겠 지경 각심 을 가지 고 지 구 환경 을 개선 해 인류 살 아 남아 야한다,2023-10-28T22:14:49Z
CXi4i4tD254,생각 보다 기후 위기 대한 낙관 론 들이 많구만,2023-10-28T08:41:04Z
CXi4i4tD254,천문학자 하고 지구온난화 주장 하는 과학자 개인 적 인 생각 으론 사기꾼 이라고 봅니다 지역 적 인 변화 있을지언정 지구 전체 적 으론 거의 변화 없습니다,2023-10-26T13:51:01Z
CXi4i4tD254,정부 지구 아프다 북극곰 멸종 된다 현실 그럼 옛날 지구 중환자실 신세 임 북극곰 개체 수 지금 보다 늘었음,2023-10-25T11:34:34Z
CXi4i4tD254,우리 태양계 억 년 죽음,2023-10-25T02:19:25Z
CXi4i4tD254,억 년전 을 당신 어떻게 유추 해 년 을 만 번 을 반복 해야 된다는 거 아니 막연한 가설 일 뿐 이야,2023-10-24T13:39:33Z
CXi4i4tD254,중국 이배 아니라 배 이상 쓸 듯 짱깨 없으면 지구 조용함 안전함 북한 붙어 먹을 때 없어서 대한민국 안전함,2023-10-24T08:39:38Z
CXi4i4tD254,기후 위기 중 가요 오존층 파괴 로 재앙 문제 지,2023-10-22T12:44:42Z
CXi4i4tD254,만약 후지산 이나 백두산 화산 폴발 하 면 지구 기후 내려갈까 여,2023-10-12T05:54:46Z
CXi4i4tD254,최소한 이런 건강한 과학자 토론 을 해야하는데 왜 유튜브 에서는 기 후위 기 론 아니다라는 입장 만 검열 하고 단속 할까 게 과학 이냐 아님 일방 적 가스 라 팅 이냐 선택 너 지능,2023-10-10T15:57:11Z
CXi4i4tD254,북극 남극 형성 시간 언제 부터 인가,2023-10-09T13:43:52Z
CXi4i4tD254,뭐 찔리면 항상 음모론 이라고 하지 기후 위기 주장 하는 돈 받은건 중요하지 않나 보죠,2023-10-09T06:36:29Z
CXi4i4tD254,이자 바로 말 몇 마디 로 사기치네 휴 사기꾼 돈 받아 먹고 뭐 그레 당당하소 탄소 절감 해야 기후 위기 벗어난다는 쇼맨 쉽이 있어야 소가 방귀 끼니 없애고 지 기업 만드는 인공 배양육 로얄티 주자 나 농산물 기후 위기 로 네덜란드 농산물 줄 이라 나 구래 야 지 지엠 어 가짜 식품 공 식품 비싸게 사먹지 태양열 산업 바뀌면 뉴 돈 버니 탄소 중립 이니 기 휴 위기 니 다 니 돈벌이 누가 누구 더러 돈 먹었다는 건가 기후 위기 쇼 딥 스테이 트 돈벌이,2023-10-09T05:52:58Z
CXi4i4tD254,오늘 서울 여의도 에서 세계 불꽃 축제 다 고 합니다 기후 위기 강의 하 신분 대한민국 서울 불꽃 축제 중단 하 라고 해야되 지 않나요 스케 일보 니까 화약 많이 터뜨릴거 같은데요 축제 후 나오는 쓰레기 양도 어마어마합니다,2023-10-07T03:29:30Z
CXi4i4tD254,인간 만이 위험할 뿐 지구 돌고 돕니다,2023-10-05T09:16:07Z
CXi4i4tD254,기후 위기 대한 걽핥기 하는 느낌 많이 듭니 다 제시 여러 이야기 재밌었는데 말 하려는 주장 기후 위기 대한 본질 뚜렷하게 나타나 있지 않아 무엇 읗 말 하려는지 모르겠습니다,2023-10-02T11:30:05Z
CXi4i4tD254,현 시점 에서는 지구 위기 아니고 인류 동식물 멸종위기 라고 보는게 맞는듯 그러나 핵전쟁 이나 지하수 과잉 사용 또다른 형태 과학기술 남용 자전축 변형 등 지구 위기 로 전이 될 가능성 없는것도 아닌듯,2023-10-02T01:16:59Z
9Rzh9o3f9YA,가장 빠른 해결 책 입니다 남 일이 아닌 기후 위기 더 늦기전에 기후 재앙 을 막아야 합니다,2023-10-30T12:51:03Z
9Rzh9o3f9YA,가치 환경 아젠다 정치 적 사용 기후변화 진실,2023-09-13T21:59:36Z
9Rzh9o3f9YA,롬 모든 사람 죄 지었으므로 하나님 영광 이르지 못 하다가 롬 삯 사망 요 죄사 함 을 받지 못 하면 불타는 지옥 떨어집니다 주 예수 그리스도 십자가 에서 죽으시고 일후 부활 하신 하나님 인것을 마음 을 다해 서 믿으실 때 모든 죄 사라집니다 딤전 신비 논쟁 여지 없이 위대하도다 하나님 께서는 육신 나타나셨고 롬네 네 입 주 예수 시인 하고 또 하나님 께서 그 죽은 로부터 살리신 것 을 네 마음 믿으면 구원 을 받으리라 이는 사람 마음 믿어 이르고 입 고백 하여 구원 이르기 때문 이라 엡 너희 믿음 말미암아 은혜 로 구원 을 받았으니 것 너희 에게서 난 것 아니요   하나님 선물 이라 행위 에서 난 것 아니니 아무 자랑 하지 못 하게 하려 하 심 이라,2023-08-25T11:45:56Z
9Rzh9o3f9YA,년대 지금 보다 높앗다고 관측 이후 최고 아니지 년대 이후 최고 이겠죠 그대 부터 다시 높아 졌으니까 온실가스 온난화 주 범 이라는 거도 거짓말 인게 년 년대 온 시 가스 낮았은데도 온도 높았으니까 공중파 에서 대놓고 거짓말 을 하는데 안속 을 사람 누구 일까 책좀 읽으세요,2023-08-24T23:09:15Z
9Rzh9o3f9YA,우리 탄소 배출 을 줄여야 하는 노력 필요할 것 같다,2023-08-10T00:36:54Z
9Rzh9o3f9YA,여기 서 인간 줄어 야한다 이미 늦었다 뭐 어쩐 다 징징대는 환경 쟁이 인류 발전 편리함을 유지 하기 위 필요 악임 그래서 얻는 편한것 들은 당연하다는듯이 해외여행 비행기 타고 차 타고 더우면 에어컨 키 고 애매하게 환경 파괴 한다는 공장 에서만 든 신제품 스마트폰 샀다 자랑 하고 누릴거 다누리 고 쓸거다 쓰면서 잃은거에만 징징거림 그런 거 뭐 하나 기여 거 라도 있음 니 징징댈 위치 자격 없어 모자란 위선 아 정부 에서 힘써야 되느니 나라 어쩌 니 어느 누가 경제 적 손해 보면서 할거 같냐 안 그래도 높은 물가 것 저 것 제한 걸어서 더 비싸지면 또 징징댈거면서 입은,2023-08-08T04:10:06Z
9Rzh9o3f9YA,태양 온도 올라간건 아닐까 요,2023-08-02T04:55:13Z
9Rzh9o3f9YA,중간 중간 나무 심지 말아야 될거 같네요,2023-08-02T04:12:17Z
9Rzh9o3f9YA,지구 인류 에게 경고 계속 하는데 인류 노력 너무 미약 나 부터 좀더 노력 해야 겠다,2023-08-02T00:22:10Z
9Rzh9o3f9YA,인간 욕망 절제 되어야 하는데 비관 적 이다,2023-08-01T04:06:05Z
9Rzh9o3f9YA,지구 온도 낮출수 있는 방법 화산대 폭발 뿐 인거 같은데 결국 인간 만 식량 대기근 힘들어질 듯 우리 받는 벌이 지 뭐,2023-08-01T01:55:03Z
9Rzh9o3f9YA,알 뭐 죠 븅신 아,2023-08-01T00:03:39Z
9Rzh9o3f9YA,개발 을 멈추고 나무 하나 라도 더 심어야 할것 같다,2023-07-31T22:08:38Z
9Rzh9o3f9YA,지구 살리려면 프라스 틱 비닐 줄 이고 편리함을 버리면 자연 을 살리고 자연 을 살리려면 인류 문명 을 버리고 자면에 동화 되면 된다,2023-07-31T22:02:03Z
9Rzh9o3f9YA,활화산 종 니 크게 터져서 화산재 로 지구 재 로 덮으면 만큼 좋은 건 없음 에서 이상 떨어짐 다만 희생 겁나 생기겠지만,2023-07-31T11:03:26Z
9Rzh9o3f9YA,결국 인간 문제 애 낳고 싶은 욕망 을 조절 해야 세네 명당 명 정도 만 낳자 그리고 화석연료 확 줄 이고 소비 왠만하면 하지말고 일회용 을 거의 줄이는 등 아주 획기 적 인 대책 아니면 안 됨 사실 이미 거의 돌이킬 수 없는 수준 이긴 하지만 그나마 더 지연 시키려면 우리 자식 세대 문제 아니라 당장 우리 문제 다,2023-07-31T06:25:34Z
9Rzh9o3f9YA,바삭 말라 죽것네 지옥 갈 준비 나 하자,2023-07-30T06:13:13Z
9Rzh9o3f9YA,오늘이 제일 시원한 날,2023-07-30T03:17:46Z
9Rzh9o3f9YA,이상태 에서 만을 말 하고 원전 을 제외 시키는것은 멍청한 짖이라 본다,2023-07-30T01:32:35Z
9Rzh9o3f9YA,불씨 뿌린건 않 좋은 거 같음,2023-07-29T16:52:42Z
R8D64WD02DQ,모든 언론 나라 망친 인간 방송 하지마라,2023-10-17T05:29:06Z
R8D64WD02DQ,펭 수 테 보여줘야 한다펭수 이상기후 예민하니까,2023-10-09T05:41:27Z
R8D64WD02DQ,제트기류 식 무연 난로 연기 제로 설명 듣지 않는다 오직 성비 디자인 찿는다 이런 무식 사람 아직도 태반 이다,2023-09-23T09:14:20Z
R8D64WD02DQ,정부 기관 국민 생명 안전 을 위 하여 최선 을 다한 다 공무 훈령 이다 그러나 놈 이상기후 탄소 저 감 폐 열 재연 소 기술 년 을 차단 하고있다 바로 사용 즉시 연기 사라진다 보고 멍텅구리 아니고 온갖 트집 탈락 을 년 째 다 지금 완전 연소 국제 급 개발 되 소 각 수준 산림 쳥 아이디어 공모전 또 탈락 이다 완전 정신병 자급 이다 바로 사용 즉시 연기 사라진다 그 당시 상세 설명 다 했다 즉 알고도 귀 찬다고 처리 것 중대한 잘못 이다 지금 재난 놈 방조 기만 것 이다 복지 부동 우유부단 안일 무사 재난 방조 정밀 조사해 라 전 재산 다 잃고 고통 허덕여도 자기 만 안전하면 된다 게 아무 것 도하 지 않고 탄소 배출 감소 기술 조차 못 하게하고 국민 생명 재산 다 망가져도 즉 알고도 귀 찬다고 처리 것 중대한 잘못 이다 지금 재난 방조 인간 쓰레기 그냥 두 어선 안된다 상세 내 역 히터 맨 블로그,2023-09-23T09:03:51Z
R8D64WD02DQ,아무리 사람 재난 을 극복 해보려 하지만 사람 못 막는다 그래서 예수님 세상 종말 끝 지점 을 현재 살고있는 시대 예언 하셨다,2023-09-21T19:33:21Z
R8D64WD02DQ,자기 꼬리 삼키는 뱀 처럼 인류 자신 탐욕 모든 걸 부수 고 끝내는 자기 자신 신체 조차 먹어 버려 자멸 하게 될 것 이다 현대 인류 경제 보라 그 처음 부가 서민 에게 분배 되지 못 하고 있는 더 독식 하다가 부동산 주식 모든 부분 에서 거품 생겨서 자멸 하게 되었다 지금 까지 몇번 거품 경제 로 인한 몰락 있었던가 결국 빚 더미 없어진 수익 모두 피해 보는걸 일본 미국 경우 만 봐도 충분한데 대한민국 이제 까지 그걸 보면서도 결국 터지게 되있다,2023-09-20T04:07:46Z
R8D64WD02DQ,성지 순례,2023-09-15T05:58:14Z
R8D64WD02DQ,젠 늦었지,2023-09-15T02:50:42Z
R8D64WD02DQ,돌이킬수 없는 일이 되었다 그래서 하늘 하나님 을 나 하늘 떠 있는 그 을 보앟다,2023-09-15T02:47:59Z
R8D64WD02DQ,인젠 늦었지,2023-09-15T02:46:50Z
R8D64WD02DQ,인간 욕심 불러 온 지구 대 재앙,2023-09-15T02:45:33Z
R8D64WD02DQ,자본주의 대한 경고 임 자본주의 실패,2023-09-15T02:44:25Z
R8D64WD02DQ,존나 웃긴건 전세계 적 환경 오염 재난 을 일으킨다고 씨부려 대면 서 환경오염 을 날 갈수록 배 로 늘린다는 거지,2023-09-13T09:25:59Z
R8D64WD02DQ,이제 몇 세대 안 남은듯 지구 얼마나 버텨줄까,2023-09-12T00:04:43Z
R8D64WD02DQ,인구 부터 줄여야 함 그거 모르면 멍청한거 임 근데 왜 아무 말 하지 않는가,2023-09-10T11:45:46Z
R8D64WD02DQ,하나님 재림 멀지 않았구나,2023-09-09T02:37:12Z
R8D64WD02DQ,하나 라도 해보자 해서 생각 보니 일회용 먹는 습관 을 조금 이라도 줄이는 것 생각 났어요 텀블러 사용 하니 많이 줄어요 만약 카페 하루 한번 갔다고 하면 일 년 면 개입 니 다 우리 것 만 이라도 해봅시다,2023-09-08T21:11:27Z
R8D64WD02DQ,고 수온 바다 축 양장 어류 집단 폐 사 허가 있어도 재난 아닌 자연 현상 이라 보상 없다 산불 마찬가지 특별 재난 지역 산포 해야 보상 나옴 온난화 열 대화 잘난 척 말 많지만 효과 없음 남극 다 녹으면 주요 도시 다 잠겨 희 말라야 나 알프스 로 갈듯,2023-09-08T09:14:52Z
R8D64WD02DQ,성경 앞 일어날 일 다 기록 되어있습니다 한번 읽어 보세요 하나님 답 입니다,2023-09-01T21:49:03Z
R8D64WD02DQ,기후변화 딥 스테이 트 아 젠 다중 한가지 일부러 산불 을 질러 기후 위기 라며 공포 몰이 로 사기 치고 있음,2023-09-01T03:40:23Z
35sOiQoOPVA,토요미스테리극장 성우,2023-09-20T13:36:48Z
35sOiQoOPVA,가장 빠른 해결 책 입니다 남 일이 안닌 기후 위기 더 늦기전에 기후 재앙 을 막아야 합니다,2023-09-19T12:46:49Z
35sOiQoOPVA,누구 불편해지고 싶지 않고 더 많은 비용 을 쓸 의지 없다 인구 감소 말고는 답 없다 한국 환경 관심 없지만 지구 에서 가장 선두 적 인구 감소 최선 을 다 하고있다,2023-09-19T03:07:53Z
35sOiQoOPVA,농사 하늘 짖는다는 그 말 참으로 귀감 됩니다,2023-09-17T16:32:39Z
35sOiQoOPVA,나 무 많 심 어 야 그 게 인 간 할 수 있는 최 선 다,2023-09-12T08:28:35Z
35sOiQoOPVA,지구 인간 꼭 존재 해야 할 이유 있냐,2023-09-11T00:46:28Z
35sOiQoOPVA,년안 지구 인간 멸종 되 기를,2023-09-09T16:05:03Z
35sOiQoOPVA,지 구 온도 이상 오르길 바란다 세 상모 든 생명체 에게 죄 지었다,2023-09-09T16:04:23Z
35sOiQoOPVA,저출산 시대 자연 이치 다,2023-09-09T13:56:54Z
35sOiQoOPVA,자기 강화 적 번역 하시는 분들 공부 하셔서 이렇게 이상한 말 안 쓰셨음 하네요,2023-09-09T09:42:21Z
35sOiQoOPVA,년 지났다,2023-09-08T12:04:19Z
35sOiQoOPVA,한가한 제목 일 쎄 위기 온난화 아니고 기후 위기 다,2023-09-07T09:23:40Z
35sOiQoOPVA,뭔 상관 이야 내 살 아 있는 동안 문제 없다 지금 처럼 살 아 가면 되는거지,2023-09-06T15:08:25Z
35sOiQoOPVA,에서 예전 에도 지금 처럼 매우 더운 현상 데이터 상 남아있다면 태양 은하 중심 어디 타원형 공전 하는지 알아보면 다시 추운 계절 올지 지구온난화 지속 될지 알수있지 않을까요,2023-09-05T03:15:12Z
35sOiQoOPVA,어릴 땐 어디 가든 개울 하천 강가 물이 넘쳐나서 수영 하고 물고기 잡고 친구 놀았는데 지금 촌 동네 가보면 씨 말랐다 진짜 심각한 문제 다,2023-09-04T18:06:22Z
35sOiQoOPVA,지구 여 빨리 망해라 부자 놈 가난한 놈 착한 놈 나쁜 놈 잘생긴 놈 못 생긴 놈 모두 공평하게 하던 일 그 데 로 멈추고 날 한시 멸망하는거야 신나지 아니한 그날 을 위 하여 건배,2023-08-31T12:00:45Z
35sOiQoOPVA,성경 에도 이리 저리 다 다 죽고 지구 상 만 천 인구 남는다고 그랬어,2023-08-31T07:13:44Z
35sOiQoOPVA,인간 만 사라지면 지구 서서히 원상 복구 하겠지,2023-08-31T00:04:27Z
35sOiQoOPVA,가슴 먹 먹 합니다,2023-08-30T09:55:27Z
35sOiQoOPVA,비 나와라,2023-08-27T20:59:49Z
1FFLiiU-On0,우리나라 대한민국 참 살기 좋은 나라 입니다 우리나라 에서 태어난것이 행복합니다 부모님 께 감사해야죠,2023-10-06T00:38:54Z
1FFLiiU-On0,다른 지역 이사 가셔야 될것 같은데요 저기 사람 살곳 못 됩니다,2023-09-03T04:50:29Z
1FFLiiU-On0,비올 때 바 게 쓰라도 갖다가 놓으면 좋을텐데,2023-09-03T04:47:22Z
1FFLiiU-On0,촬영 만 하고 오지 말고 펌프 시설 을 해주고 오라,2023-08-25T23:09:01Z
1FFLiiU-On0,지구 살리려면 현재 인간 절반 소멸 되어야,2023-08-15T08:25:14Z
1FFLiiU-On0,평균 기대수명 년 간 사막 한국 면적 배 증가 지구 사막화 될 우려 성 오아시스 땅 굳어진다 소가 죽는 이유 비닐 유 칼리 투스 눈 즙엑 들어가면 실명 올리브유 찌꺼기 폴리페놀 등 독성 물질 유해 성 올리브 폐액 을 발효 시켜 비료 만들면,2023-08-05T21:33:13Z
1FFLiiU-On0,카다피 때 만든 리비아 대수 로는 어찌 됐나,2023-07-02T13:46:01Z
1FFLiiU-On0,물이 없으면 생명체 살 면 안되는 뜻 이겠거니 하고 자식 을 낳면 안되겟지,2023-07-01T14:35:10Z
1FFLiiU-On0,그래 원인 을 일아도 니 미계 해서 계속 비닐 을 버리지 하루 이틀 침통하고 끝 이야 눈 만 껌벅이는 거 외 뭘 하겠냐,2023-07-01T14:29:02Z
1FFLiiU-On0,거기 서 왜 살어 한국 인구 줄어드는데 한국 들어와라 투표 민주주의 하고,2023-06-30T23:28:21Z
1FFLiiU-On0,만약 우리나라 저렀다면 어떻게 해서던 해결 방안 을 찾았을것이다,2023-06-29T04:13:14Z
1FFLiiU-On0,유칼립투스나무 뽑아 버리면 되는데 가만두고 소 가안 먹기 바라는건 뭐 냐 무식하면 소가 죽어야지 어쩔 티비,2023-06-28T13:53:41Z
1FFLiiU-On0,아이 너무 불쌍하다,2023-06-28T05:44:50Z
1FFLiiU-On0,땅 문제 그 땅 위 사는 사람 심령 즉 마음 밭 관계 있습니다 태초 천지 창조 하신 하나님 앞 회개 하 라 인간 창조주 믿던지 지옥 신 마귀 나 악령 을 믿든지 선택 할수 있습니다,2023-06-26T12:22:03Z
1FFLiiU-On0,아이고 사 람사 곳 아닌것 같다,2023-06-26T03:55:05Z
1FFLiiU-On0,한국 이라고 하면 남한 을 말 하나요 아니면 헌법 규정 된 한반도 전체 말 하나요 좀더 정확하게 말 해주세요,2023-06-25T01:39:06Z
1FFLiiU-On0,올리브오일 추출 하고 남은 폴리페놀 독성 폐 오일 을 저렇게 그냥 버리는 국가 라는 것 진짜 혀 내 두른다 정말 많은 국가 수 십년 간 아프 리가 기근 기 아들 물 부족 식량 부족 엄청나게 지원 하고있는데도 국민성 뒷받침 안되니 개선 안되는거다 한쪽 에서 아무리 식량난 을 해결 하려 감자 옥수수 재배 기술 을 이전 해줘도 다른 한쪽 에서 토양 을 오염시키는데 아무런 문제점 인식 조차 못 하는 상황 미국 아프가니스탄 을 버린 이유 하나 다 이나라 느 년 동안 조를 쏟아 부어 국민성 나아지지 않고 온통 비리 투성이 라 답 없다 미국 빠르게 손절 이유 국민성 개노답이라서 쳐다도 안보 고 발뺌 아프리카 답 없는거 같다,2023-06-22T13:01:47Z
1FFLiiU-On0,아프리카 사막화 인위 적 인 요소 더 크게 작용 하는데 그 이유 키울수있는 가축 보다 배 더 키워서 땅 초목 을 다 먹고 그게 메 마르는 이유 라니 진짜 아프리카 국민성 이라 는걸 찾아볼수가 없다 문제점 있으면 개선 을 해야하는데 그 문제점 을 방치 하고 계속 더 어려워지는데 이유 알아도 바꾸지 않는 그래서 아프리카 발전 없는 건가,2023-06-22T12:55:50Z
1FFLiiU-On0,사막 너무 아릅답읍니다좋,2023-06-13T20:30:23Z
1FFLiiU-On0,올리브유 금지 시켜야겠네,2023-06-07T20:18:26Z
mJDV_BPsRBQ,"요약 정리 오프닝 
   존재 대한 인식 변화 
   빅데이터 분석 증명 된 환경 키 워드 
   첫 번째 키 워드 인증 두 번째 키 워드 제로 
   세 번째 키 워드 비건 
   네 번째 키 워드 죄책감 
   다섯 번째 키 워드 줄 이다 
     착한이 아닌 지속 가능한 경영 
   줄어든 키 워드 무제한 
   당연했던 것 당연하지 않게 되는 사회 더 많은 환경 읽어 드립니다는 
 ",2022-01-24T01:50:55Z
mJDV_BPsRBQ,스크린 을 보며 읽는 것 인가 어쩜 틀리지도 않고 저렇게 긴 시간 을 청산유수 로 연설 할 수 있는지 참 대단하다,2023-10-14T13:21:44Z
mJDV_BPsRBQ,이런 것 을 초 인류 라 불러 야할까 요,2023-10-14T12:58:38Z
mJDV_BPsRBQ,생각 시야 넓어진 느낌 입니다 좋은 강연 감사합니다,2022-11-03T04:16:31Z
mJDV_BPsRBQ,우리 에게 그 어느 나라 에도 지금 반드시 필요한 아주 중요한 강연 이었습니다,2022-09-19T07:55:27Z
mJDV_BPsRBQ,송길영 님 강의 언제나 좋습니다 넘 감사합니다,2022-09-07T01:07:57Z
mJDV_BPsRBQ,넘 잽나요 오지 촌 노지 만 젊은이 함께 하는것 같아요,2022-09-02T09:23:42Z
mJDV_BPsRBQ,진짜 개는 먹지말자 차라리 고양이 먹어요 개는 우리 가족 이에요,2022-08-23T06:16:48Z
mJDV_BPsRBQ,사람 빼고 다 반려 로 느네 요,2022-08-14T06:14:09Z
mJDV_BPsRBQ,우리 모두 이자 될수있다 의미 심장 말씀 이네 요나 부터 플로 깅 실천 해보겟습니다,2022-07-31T06:17:29Z
mJDV_BPsRBQ,웬 지 따라 해야 될 것 같아요 빅 영향 어 요,2022-07-14T07:23:50Z
mJDV_BPsRBQ,세상 너무 좋아졌어요 방 구석 에서 공짜 로 이런 강의 들을 수 있다니,2022-04-05T16:46:19Z
mJDV_BPsRBQ,스승 님 모시 고 싶은 분이네요,2022-04-03T15:56:24Z
mJDV_BPsRBQ,길영 언니 강연 만 몰아 보는 중 최고,2022-03-23T13:00:58Z
mJDV_BPsRBQ,송언 니 인 싸이트 좋은 강의 감사합니다 사족 버건디 컬러 받네요 송언 니 뭔들,2022-01-24T12:43:35Z
mJDV_BPsRBQ,플로 킹 을 시작 적극 노력 하겠습니다 감사합니다,2022-01-24T12:40:49Z
mJDV_BPsRBQ,무심코 지나가다가 우연히 저 만나신 모든 분 아프지 않고 좋은 일만 가득하시길 바랍니다 학업 취업 연애 사업 재물 건강 모든 일이 되실 겁니다 새해 엔 다 같이 행복해요,2022-01-24T07:33:10Z
mJDV_BPsRBQ,너무 재밌어요 너무 유익하고 삶 에서 당연하게 느끼며 따라가던 무의식 무언가 명료해진 기분 이네 요,2022-01-23T22:52:30Z
mJDV_BPsRBQ,사람 인사이트 많이 알고싶다,2022-01-23T08:10:49Z
mJDV_BPsRBQ,유익하고 통찰 력 있는 강의 였습니다 환경 관련 된 다양한 키 워드 흥미 있었고 사람 의식 나와 가족 이라는 좁은 틀 에서 지구 환경 동물 로 확장 되어 간다는건 정말 바람직한 현상 이라고 생각 합니다 모든 불균형 시작 인간 이지만 그것 을 해결 할 수 있는 키 또한 인간 행동 이라고 생각 합니다 모든 인류 의식 있는 참여 그 어느 때 보다도 필요한 때 라고 생각 합니다 좋은 주제 로 강의 해주신 송영길 부사 장님 께 감사 드립니다,2022-01-22T14:31:06Z
_XBJStTQL8w,너 네 촬영 영상 하나 없고 도둑 처럼 남 꺼 가져다 쓰는게 일상 이지,2023-10-12T07:44:18Z
_XBJStTQL8w,해양 쓰레기 대부분 해당 지역 어민 들임,2023-08-19T09:28:32Z
_XBJStTQL8w,인류 멸망 답,2023-08-13T00:34:20Z
_XBJStTQL8w,무지해서 몇 십년 전 좋다 버린 폐 타이어 무지해서 투기 된 후쿠시마 원 전 폐수 몇 십년 뒤 바다 에서 폐 타이어 처럼 건져 낼수있을 런 지,2023-07-25T21:35:16Z
_XBJStTQL8w,해양 쓰레기 어 업종 사자,2023-07-09T10:08:09Z
_XBJStTQL8w,상황 을 인지 하고 개선 하는게 중요합니다 실수 있지만 실패 조심해야 합니다,2023-06-05T14:57:42Z
_XBJStTQL8w,그래서 방사능오염 수도 신경안 쓰는거구나,2023-06-05T02:50:29Z
_XBJStTQL8w,인간 제일 문제 다,2023-06-04T14:04:33Z
_XBJStTQL8w,땅 바다 우주 인간 손 닿는 곳 어디 든 쓰레기 쌓이는구나,2023-06-03T03:48:00Z
_XBJStTQL8w,진짜 년대 인간 얼마나 무지했는지 깨닫지만 지금 이라고 별반 다를게 없다는 것 더 놀란다,2023-06-02T12:00:02Z
_XBJStTQL8w,에레 베스트 산 꼭대기 에도 쓰레기 심해 깊은 곳 에도 쓰레기 육지 에도 쓰레기 거기 다 지구 둘레 띠 처럼 돌고 있는 우주쓰레기 지구 찾아 오는 외계인 쓰레기 버리고 갈까,2023-05-29T17:30:59Z
_XBJStTQL8w,눼눼눼눼,2023-05-01T09:57:11Z
_XBJStTQL8w,팩트 미국 중국 을 환경오염 문제 로 욕 한다,2023-03-16T10:30:38Z
_XBJStTQL8w,어부 색기 바다 다 망침 그물 타이어,2023-02-16T07:09:37Z
_XBJStTQL8w,결론 적 으로는 어촌 문제 네 요 어촌 에서 해양 환경 힘써야겠네요 책임,2023-01-19T11:34:51Z
_XBJStTQL8w,인간 참 대단하네요 지구 포함 해서 우주 쓰레기 장 만들고 있으니 인간 멸종 하지 않는 이상 지구 생물 고 통속 에서 살 게 될것 같네요,2022-08-06T01:56:24Z
_XBJStTQL8w,폐 타이어 바다 버리면 안됩니다 이유 뭐 우리 후손 건강 자연 훼손 이지 요 그러니 빨리 건져 내야 겠습니다 타이어 바다 버린 사람 적발 되면 바로 법적 처단 을 해야 하겠습니다,2022-06-17T10:03:44Z
_XBJStTQL8w,개 같이 멸망,2022-05-25T03:49:12Z
_XBJStTQL8w,이래서 생선 이나 어패류 절대 먹지말라는 노벨 과학자 명언 생각나는 영상 이다,2022-05-15T06:16:10Z
xDQELq1csko,망할 수상한 국가 정부 녀석 안 돕는건 안 봐도 비디오 시도 해보는게 좋을거 같에요,2023-10-26T14:44:04Z
xDQELq1csko,진짜 막을수있나용,2023-10-21T12:45:48Z
xDQELq1csko,메 트리스 영 화보 면 저랬다가 지구 식물 없어졌더라고요,2023-09-24T17:33:20Z
xDQELq1csko,번 뿌려 봅시다 지구온난화 막기 어려우니까 시간 벌기로 해봅시다,2023-09-13T01:52:10Z
xDQELq1csko,탄산칼슘 한번 시험 해볼만 아이디어 다 지구 태양 의해서 지 구 바베큐 지 구 통구이 되 기전 하루빨리 시험 해봐야 한다 북극 남극 빙하 없어지 기전,2023-08-18T04:55:06Z
xDQELq1csko,우리나라 에서 환경운동 답시고 남피 해주지마라 진짜 죽빵 바로 후린다,2023-08-08T01:00:02Z
xDQELq1csko,영상 이미 성지 되었을까요,2023-08-07T10:20:12Z
xDQELq1csko,지금 당장 뿌려,2023-08-02T19:16:03Z
xDQELq1csko,태양열 을 아예 흡수 하는 방법 없나,2023-07-18T18:56:13Z
xDQELq1csko,성층권 뿌린 분필 가루 다시 회수 할 방법 있을까요 몇 년 지나면 사라지나요,2023-07-16T15:27:04Z
xDQELq1csko,임시 방편 으로는 괜찮을듯,2023-07-15T18:23:01Z
xDQELq1csko,탄산칼슘 탄소 포함 됐는데 괜찮나,2023-07-15T06:43:37Z
xDQELq1csko,탄산칼슘 보단 에어로졸 있습니다,2023-07-12T12:59:36Z
xDQELq1csko,근데 왜 우리 윤석열 차는 그런 조치 안 하고 분필 닮은 소세지 냠냠 쩝쩝 먹을 깡,2023-06-16T07:21:47Z
xDQELq1csko,어 거 애니매트릭스 에서 본건데,2023-06-15T09:36:45Z
xDQELq1csko,우와,2023-06-10T13:14:10Z
xDQELq1csko,빛 을 반사 다 고적 외선 영역 만 반 사 한다는 건가,2023-06-09T01:42:30Z
xDQELq1csko,이제 곧있으면 백두산 터져서 지구 덮으면 되지 않을까,2023-05-18T05:54:50Z
xDQELq1csko,말 안되는 황당한 소리 네,2023-05-17T05:57:17Z
xDQELq1csko,탄산 칼슘 저런 게 가능하면 한국 굴 양식 장 늘어나나 굴 껍데기 정도 탄산칼슘 이라서 굴 껍질 시멘트 잇을 정도 니 말 죠,2023-05-12T05:09:51Z
ouruW-J4-0U,인간 미안해 편의점 에서 몇 개 만 사도 플라스틱 쓰레기 봉지 씩 나오는데 전세계 그렇게 사용 하니 모인 쓰레기 얼마나 많을까 너무 너무 미안하고 사람 에게 널리 알려졌으면 좋겠다 마음 아프다,2023-10-25T16:04:55Z
ouruW-J4-0U,너무 안타깝다 정말 미안해 코끼리 야 젠 자연 에서 사는 코끼리 보다 동물원 사는 코끼리 행복할 지경 이르 럿 그나,2023-10-24T13:03:47Z
ouruW-J4-0U,진짜 슬픕니다 인간 탐욕 인한 결과 너무 참혹합니다 교육 영상 쓰여지길 바랍니다나 부터 반성 합니다,2023-10-14T04:30:44Z
ouruW-J4-0U,인간 죽어야 합니다 그런 면 에서 우리나라 매우 잘하고 있어요,2023-09-20T11:41:50Z
ouruW-J4-0U,결국 인간 미래 아닐까 요,2023-09-19T12:12:13Z
ouruW-J4-0U,코끼리 먹을게 그리 없나요,2023-09-09T08:13:51Z
ouruW-J4-0U,인간 정도 사라져 야한다,2023-08-31T13:10:44Z
ouruW-J4-0U,코끼리 너무 불쌍하다 사는 집 먹거리 다 뺏어놓고 거기 다가 쓰레기 매립 장이 라니 진짜 너무하다,2023-08-27T14:21:39Z
ouruW-J4-0U,코끼리 야 먹지마 안 돼 지지 야 지지,2023-08-22T14:47:14Z
ouruW-J4-0U,우리 인간 죄 악 인해 죄 없는 동물 무참 히 고 통속 죽어 간다 고통 억울한 죽음 대한 죄값 을 우리 인류 모두 지불 할것이다 반드시 우리 모두 의식 생각 습관 삶 방식 을 완전히 바꿔야 한다 우리 죄값 을 조금 이라도 줄이기 위해 서,2023-08-17T08:04:39Z
ouruW-J4-0U,진짜 이건 아닌거 같다 저 나라 사람 뭐 하냐 진짜,2023-08-06T19:41:39Z
ouruW-J4-0U,할말이 없다,2023-07-03T16:18:42Z
ouruW-J4-0U,제대로 분리 처리 안되면 저리 됨,2023-06-22T02:36:31Z
ouruW-J4-0U,실제 로 인간 쓰레기 생산 하고 버려 쓰레기 산 을 만든다 더우기 인간 크나큰 다 욕심 대자연 생태 환경 파괴 되어 코끼리 서식지 없어져 코끼리 인간 만들어 버린 집채 같은 쓰레기 을 뚜 져 먹이 찾고는 안타까운 죽음 을 맞이 하는 것 이다 스리랑카 코끼리 신 숭배 하는 나라 인 만큼 코끼리 서식지 보호 하고 산더미 처럼 쌓인 쓰레기 매립지 대 코끼리 들어가지 못 하게 든든한 시멘트 울타리 나 고압 전류 흐르는 높다란 가시 철조망 울타리 을 설치 하는 대책 세우련만 무엇 보다 핑계 변명 많아 시행 못 하여 코끼리 가엾이 죽어가는걸 두 눈 펀히 뜨고 지켜볼 수 밖에 없는 것 다소 잃고 외양간 고치는듯이 이제 라도 시급히 대책 을 강구 하 여 쓰레기 분리 재활용 제거 하는 매립지 많는 곳 설치 하여 생태 파괴 예방 하고 코끼리 서식지 보호 하여야만 아세아 코끼 멸종위기 막을수 있는 것 이다 온 우주 하나 밖에 없는 유일한 모든 생명체 살아가는 지구 시급히 보호 하는 것 우리 급선무 이고 두 어깨 놓여진 천 근무 게 같은 의무 이기 서로 손잡고 자연 생태 환경 을 보호 한다면 지구 영원하여 살기 좋은 파란 행성 될꺼니 모두 다 다 함께 지 구 보호 노력 해 보자,2023-06-20T00:50:23Z
ouruW-J4-0U,말로 만 불쌍하다 하고 뒤 에서는 플라스틱 사용 하고 여기 댓글다는 인간 현실 임,2023-06-12T08:48:52Z
ouruW-J4-0U,특별히 박정훈 피디 님 께 무한 감사 올립니다 건강 하시고 행복 하소 서,2023-06-10T02:54:00Z
ouruW-J4-0U,프로그램 제작 을 위해 수고 하신 모든 스텝 분들 께 경의 표 합니다 다시 한번 대단히 감사합니다,2023-06-10T02:51:46Z
ouruW-J4-0U,애초 인간 동물 공존 안되는거 같다,2023-06-02T03:55:05Z
ouruW-J4-0U,코끼리 못 들어가게 울타리 같은거치면 좋은데 요,2023-06-01T14:13:44Z
ouruW-J4-0U,영화 에서 보던 디슻 토피아 랑은 차원 다른 끔찍함이다 심지어 요란하지도 않고 조용히 고요하게 모두 죽어가고있다 더 놀라운건대 부분 사람 별 관심 없다 더더 놀라운건 아직도 미개하고 천박한 한국인 사람 먼저 지 무슨 이러는게 현실 이다 싸이클 돌고 돌아 우리 에게 올거다 선진국 피해 가지 못 한다,2023-05-31T12:55:50Z
8mO7IyA9rps,우리 형 짱 이다,2023-09-24T12:51:52Z
8mO7IyA9rps,저 라벨 커터칼 로 단번 그으 면 깔끔하게 해결 됨,2023-10-10T13:11:49Z
8mO7IyA9rps,기업 대표 직 을 맡을 만 형님 입니다 머리 면 머리 뚝심 면 뚝심 자존감 예의 배려 까지 진짜 리더십 몸 배어있는 게 훤히 보이시 분,2023-10-10T04:54:08Z
8mO7IyA9rps,장동민 지니어스 무 라벨 소비자 나 기업 에게 위험하죠,2023-10-08T01:49:02Z
8mO7IyA9rps,젤 짜증나는게 힘들게 벗기는데 접착제 때문 비닐 껍질 흔적 남았을 때 하,2023-10-07T15:39:42Z
8mO7IyA9rps,알 수 없는 알고리즘 왜 상 받지 에코 다 뭐 다 비닐 다 벗기는 판국 거기 다 열면 그냥 비닐 만 벗겨지는 역주행,2023-10-07T05:00:21Z
8mO7IyA9rps,근데 수치 일본 몰라도 독일 페트병 담긴 액체 구입 할 때 생수 병 라던가 콜라 패트병이 라던가 센트 값 붙어서 구매 해야 하고 이후 패트병 을 모아 반납 하면 그 센트 그대로 돌려줍니다 그래서 병 모아놨다가 슈퍼 마트 장 보러 갈 때 가지 고 가고 라벨 지에 해당 마크 붙어있어 이를 인식 하고 곧바로 압축 후 패트병 갯수 세어서 영수증 처럼 주는 기계 있음 또 길거리 나 쓰레기통 버려진 페트병 을 노숙자 주워서 그 걸 로 빵 이나 맥주 담배 등 을 사기 해 요 것 때문 길가 에서 쓰레기통 뒤지는 사람 가끔 보인다는게 단점 이지만 여 튼 그래서 퍼 라는 수치 나올 수 있는 것 같아요,2023-10-03T07:41:51Z
8mO7IyA9rps,그냥 겉 비닐 을 안 만들면,2023-10-01T14:35:48Z
8mO7IyA9rps,먹고 남겼을 경우 내용물 뭔 지 알수 없잖아 무 라벨 나온지 얼 만 데 왜 호들갑 다 먹고 난뒤 라벨 제거 아주 쉽게 나와야지 먹기전에 라벨 제거,2023-10-01T04:27:30Z
8mO7IyA9rps,소비자 한테 전가 하지말고 기업 놈 잡아 패 서 쉽게 뗄수있게 법적 강제 해야해,2023-09-30T18:51:35Z
8mO7IyA9rps,돈 방석 앉겠네,2023-09-30T00:22:34Z
8mO7IyA9rps,존멋,2023-09-29T15:31:55Z
8mO7IyA9rps,하지만 소비자 저걸 원 치 않아요 껍질 을 까자마자 버리지 않는 경우 대부분 이라서 귀찮아 합니다,2023-09-29T06:15:43Z
8mO7IyA9rps,기업 입장 에서는 먹는 동안 딱 붙어있지못해 홍보 안되는 크리티컬 문제 있죠 환경 좋지만 기업 입장 에서는 최악,2023-09-29T04:42:29Z
8mO7IyA9rps,실수 많이 하면 실력 우연이 겠지 우연이 겠지 했지만 진짜 천재 갓 동민,2023-09-29T04:16:09Z
8mO7IyA9rps,개그맨 그냥 개그맨 아니야 진짜 두뇌 회전 남다름 다방면 하는게 놀람,2023-09-29T02:16:44Z
8mO7IyA9rps,장동민 씨 더 많은 아이디어 부탁 합니다 이사회 더 깨끗해질거 같아요 기업 분들 많은 관심 부탁드립니다,2023-09-29T01:48:02Z
8mO7IyA9rps,머싯 어 요 장동민,2023-09-29T01:21:57Z
8mO7IyA9rps,애초 비닐 라벨 을 안 쓰면되 잖아,2023-09-28T22:56:09Z
8mO7IyA9rps,그 까이꺼 머 대충 만들면 되는거 아녀,2023-09-28T20:05:16Z
8mO7IyA9rps,김병만 씨 그렇고 개그맨 똑똑하고 창의성 좋죠 근데 배우 시상식 에서 개그맨 무시 하는거 보면 진짜 어휴 박수 안 쳐 주더 라,2023-09-28T18:03:50Z
EB_0F2TZDmY,가치 환경 아젠다 정치 적 사용 기후변화 진실,2023-09-13T22:00:36Z
EB_0F2TZDmY,가장 빠른 해결 책 입니다 더 늦기전에 기후 재앙 을 막아야 합니다,2023-08-20T12:24:31Z
EB_0F2TZDmY,롬 모든 사람 죄 지었으므로 하나님 영광 이르지 못 하다가 롬 삯 사망 요 죄사 함 을 받지 못 하면 불타는 지옥 떨어집니다 주 예수 그리스도 십자가 에서 죽으시고 일후 부활 하신 하나님 인것을 마음 을 다해 서 믿으실 때 모든 죄 사라집니다 딤전 신비 논쟁 여지 없이 위대하도다 하나님 께서는 육신 나타나셨고 롬네 네 입 주 예수 시인 하고 또 하나님 께서 그 죽은 로부터 살리신 것 을 네 마음 믿으면 구원 을 받으리라 이는 사람 마음 믿어 이르고 입 고백 하여 구원 이르기 때문 이라 엡 너희 믿음 말미암아 은혜 로 구원 을 받았으니 것 너희 에게서 난 것 아니요   하나님 선물 이라 행위 에서 난 것 아니니 아무 자랑 하지 못 하게 하려 하 심 이라,2023-08-10T10:41:59Z
EB_0F2TZDmY,즐 소 박사 최고다 파스칼,2023-07-17T10:57:47Z
EB_0F2TZDmY,흰 남놈 역대 사기 태풍 역대 급 태풍 이라 면서 아무런 피해 없이 조용히 지나간 사기 태풍,2023-07-17T06:29:44Z
EB_0F2TZDmY,주변 가만있는 사람 열 받게 하지 맙시 다,2023-07-08T07:56:54Z
EB_0F2TZDmY,이분 여름 마다 보는듯 태풍 설명 잘해주셔서,2023-06-21T14:27:19Z
EB_0F2TZDmY,간 정화 시작,2023-06-19T22:20:13Z
EB_0F2TZDmY,지구 함께 해서 같았고 다신 보지말자 인간 아,2023-06-19T16:36:13Z
EB_0F2TZDmY,자연 환경 파괴 로 화가 났구나,2023-06-18T09:37:14Z
EB_0F2TZDmY,결국 지구 차거워 지려면 대형화 산이 폭발 해야 함 그게 자연 자정작용 인간 힘 으론 온난화 해결 방법 없음,2023-06-17T21:46:10Z
EB_0F2TZDmY,뭐 만하 면 슈퍼태풍 파워 태풍 초 강력 역대 급 죄다 갖다 붙이 고 항상 그래 왔다,2023-06-17T20:24:57Z
EB_0F2TZDmY,인간 을 끝내기 위해 왔다,2023-06-17T20:14:12Z
EB_0F2TZDmY,인명 피해 없기를,2023-06-17T14:16:54Z
EB_0F2TZDmY,이미 영화 투모로우 재림 시작 된듯 어쩜이리 판박이 냐,2023-06-17T11:38:31Z
EB_0F2TZDmY,자연 이렇게 무섭구나,2023-06-17T07:18:43Z
EB_0F2TZDmY,지구 인류 나가라고 애쓰는 중,2023-06-17T06:33:54Z
EB_0F2TZDmY,열 받으면다 쓸어 버리 고픈내 심정 을 말 해준다,2023-06-17T06:32:26Z
EB_0F2TZDmY,진짜 무서운건 매해 태풍 마다 슈퍼태풍 이다 역대 최강 이다 이러는데 발 게 데이터 통계 상 사실 이라는 게 더 무섭다,2023-06-17T04:58:31Z
EB_0F2TZDmY,이래도 돈 룩 업,2023-06-17T03:51:32Z
0Qv9x0GcqMs,어렸을 때 뉴스 학교 에서 배울 때 년도 애 석유 고갈 된다고 들어습니다,2023-10-26T04:48:33Z
0Qv9x0GcqMs,석유 고갈 된다는 소리 년전 들었는데 아마 지구 내부 에서 지질 활동 계속 만들어지는듯 비싸게 팔 아 먹으려 없어진다고 그러는거아냐,2023-10-24T10:36:00Z
0Qv9x0GcqMs,그러게요 고갈 안됨 현재 까지는 어떻게 만들어진건 지도 모름 그냥 추측 만 할 뿐,2023-10-20T08:00:14Z
0Qv9x0GcqMs,나 년생 인데 국민 핵교때 선상 님 년후 면 석유 거의 고갈 된다 했었지 년 쯤 지난 지금 생각 해보니 그 때 연료 라고는 거의 연탄 이었고 돈 있는 사람 이나 석유 쓸 정도 였으니 나라 님 들이 석유 애 껴 쓰라는 차원 에서 구라 친듯 비싼 전기차 사라 목적 석유 없어진다는 구라 치는 국내 모 자동차 회사 보면서 씁쓸한 대한민국 현실 안쓰럽다,2023-10-19T10:32:36Z
0Qv9x0GcqMs,라이,2023-10-18T03:13:46Z
0Qv9x0GcqMs,석유 고갈 병 이제 그만 십여 년전 부터 언론 플레이 해서 돈 번건 누구 입 니까 골병 든 건 서민 아닌가요 그 테크 트리 끝 미완 인 전기차 구 요 현재 전기차 폭 망각 아닌가요,2023-10-05T04:05:03Z
0Qv9x0GcqMs,언젠가 바닥 드러나겠지 원유 바닥나는 순간 인류 문명 끝 날것이다 원유 없이는 아무 것 못 한다,2023-10-04T04:33:40Z
0Qv9x0GcqMs,석유 고갈 거짓 뉴스 입니다,2023-09-26T15:27:48Z
0Qv9x0GcqMs,석유 인류 우주 진출 필요한 연료 기 초재 로 될것 같아서 행복합니다,2023-09-26T03:47:25Z
0Qv9x0GcqMs,화석 연료 고갈 지구 온난화 지나고 보면 똑같이 허무맹랑 이야기 아닐까,2023-09-24T02:22:07Z
0Qv9x0GcqMs,인간 을 제외 모든 동물 지구 로부터 하나 얻으면 그 이상 을 돌려 주는데 인간 만가지를 얻고도 단 한가지 돌려주지 않는 지구 파괴 하 지구 에이즈 이다,2023-09-23T10:57:34Z
0Qv9x0GcqMs,세금 도적 을 살리려고 놈 민주 팔이,2023-09-21T00:36:46Z
0Qv9x0GcqMs,고갈 까지 아직 년 남았네 그때 까지는 살 지 못 하니 남은 사람 이나 경 각심 을 가지 고 아껴 쓰시 게 핵 발전 반 대 일 세 핵 쓰레기 버릴 땅 없네,2023-09-20T15:10:23Z
0Qv9x0GcqMs,윤석열 배 기름 짜내면 년 거 뜬,2023-09-20T12:36:41Z
0Qv9x0GcqMs,내 죽 을 때 까지는 석유 남아 있었니 알바 아님,2023-09-20T12:33:41Z
0Qv9x0GcqMs,토성 위성 타이탄 매탄 광장 히 많은데 타이탄 옛날 생명체 살 고 있었나,2023-09-17T12:07:38Z
0Qv9x0GcqMs,셰일 층 시추 이전 영상 입니다 셰일 층 개발 되고나서 또 고갈 언 제인 줄 모르게 됨 미국 원유 수 입국 에서 수 출국 됬습니다,2023-09-17T05:26:02Z
0Qv9x0GcqMs,석유 환경오염 문제 있고 영구 적 쓰기 에는 문제 있는 자원 죠 더 쾌적하고 효율 적 인 자원 을 개발 해야겠죠,2023-09-16T09:14:24Z
0Qv9x0GcqMs,수 십년 부터 지구 있는 제한 된 원유 고갈 된다고 했는데 새로운 광구 계속 생겼다 진부하네 미래 재생에너지 대해 방송 해라,2023-09-16T05:38:45Z
0Qv9x0GcqMs,지구 기생충 인간 멸종 해야 한다,2023-09-15T22:29:45Z
yq9_19aNe0M,오늘 책 세상 실제 로 어떻게 돌아가는가 알라딘 예스 교보 문고 진짜 좋은 책 이에요 강추 드립니다,2023-03-31T15:26:13Z
yq9_19aNe0M,썸네일 바뀐 건가,2023-10-27T13:42:54Z
yq9_19aNe0M,학교 에서 지구 온도 낮추기 주제 로 공모전 을 하는데 영상 링크 다른 사람 볼 수 있도록 포스터 사용 해도 될까 요,2023-10-11T19:30:11Z
yq9_19aNe0M,왠 일로 팩트 제대로 짚어주는 사람 있네 경제 적 인 솔루션 먼저 나와서 해결 하는 방법 이외 에는 아마 안될거 임 영상 에서도 돈 룩 업 짚었듯이 워낙 병들이 많아서 이건 교양 수준 과학 지식 만 갖고 있어도 나오는 간단한 결론 인데 별 별 창의 적 인 개 소리 하는 병들 진짜 개 많음 환경 성애자 동물 성애자 비건 특히 이런 새끼 돈 환장하는 에너지 회사 보다 더 악질 임 거부 감 문제 아니라 망상 을 늘어놓음 사실 상 종교 충임,2023-10-09T20:15:25Z
yq9_19aNe0M,실제 로 할 수 있는 예시 지금 습관 처럼 하구 있어요 주변 사람 다 같이 즐겁게 했으면 좋겠네요,2023-10-09T06:53:33Z
yq9_19aNe0M,이런 좋은 컨텐츠 만들어주셔서 감사합니다 마지막 개인 실천 할 수 있는 현실 적 인 해결 방안 을 제시 해주셔서 더 유익함을 느껴요,2023-10-04T13:55:34Z
yq9_19aNe0M,어차피 멸망 막힐꺼 같으니 멸망 올 때 아파트 싸면 사 둬야겠다,2023-09-24T03:46:00Z
yq9_19aNe0M,결론 돈 아끼고 공부 많이 해 라,2023-09-24T01:42:33Z
yq9_19aNe0M,거 보고 소고기 조졌다,2023-09-15T17:34:23Z
yq9_19aNe0M,알 빠노 특 나중 가서 늙어서 피 보면 아무 것 못 한단 걸 모름,2023-09-12T22:24:51Z
yq9_19aNe0M,지구 말 다난 운석 부딫혀 사는데 지구온난화 별거 인가 되는건 당신 이야 라고,2023-09-09T11:32:15Z
yq9_19aNe0M,진짜 로 이루어지 찐 막는 반 법 저가 말 것 밖에 없어요 저가 경험 해봤어요 그래서 알 죠 책 을 많이 읽으세요,2023-09-07T22:00:02Z
yq9_19aNe0M,휴대폰 대신 책 이나 컴퓨터 스마트폰 을 공부 책 대 활용 만해 지구온난화 멸망 을 늧 출수있어요 라고 하죠 그 정도 면 인류 가다시 갱겅 되고 죽었던 원 존 옮겨지고 사람 더 잘살수있고 착해질 수 있는 방법 이에요 그리고 긍정 적 게 생각 하고 말로 만 하지말고 실천 하기 학생 땐 공부 중요 나중 우리 희생 해야하니까,2023-09-07T21:58:32Z
yq9_19aNe0M,영어 자막 깔아주세요 친구 공유 하고싶어요,2023-09-06T14:52:01Z
yq9_19aNe0M,정말 중요하고 좋은 영상 감사합니다 너 진똑 뒤늦게 정 주행 중 입니다,2023-09-06T01:41:42Z
yq9_19aNe0M,착각 쳐하지마 셈 지구 아니라 인류 임 인간 병 균 막으려고 면역 가동 하면 열 오르는 것 처럼 지구 잠시 면역 생기는거고 인류 다 사라지면 다시 정상 돌아옴,2023-09-05T08:23:48Z
yq9_19aNe0M,저딴 거 로 지구 왜 멸망하냐 지구 생물 모두 멸망해도 지구 멸망하는건 아닌데 뭔 지구 멸망,2023-09-04T15:26:16Z
yq9_19aNe0M,자구 망가진다 라면 자구 자전 공전 망가지는 것 않으니까 표현 보단 기후 이상하다 고 하는게 맺을것 입니다,2023-09-02T18:34:16Z
yq9_19aNe0M,사실 지구 지키려면 지적 문명 화 이룬 존재 다 죽 여서 리 포멧 하 면 된다 지금 억이 면 인류 사실 바퀴벌레 급 이라고 본 다인 구 수 조절 시급함 이건 인류 있는한 지 구 환경 파괴 불가피하다,2023-09-02T13:39:48Z
yq9_19aNe0M,"지금 치킨 안 팔려서 이런게 올라온듯 합니다 
 치킨 판촉 세 뇌영상 같네요 좋은 내용 말 하면서 뒷 광고 하고 있네",2023-09-02T10:13:29Z
yq9_19aNe0M,역시 치킨 신 이고 삼겹살 맛있다,2023-09-01T22:42:28Z
sHf9l62gDwY,국힘 당 정부 부처 항의 전화 부탁드려요   이대로 가만히 있으면 안될거 같아요,2023-10-31T07:45:58Z
sHf9l62gDwY,뭐 이렇게 답변 할 기회 안주 건지 답답하네 의원 질의 후 답변 할 시간 보장 해줘라,2023-10-27T07:29:44Z
sHf9l62gDwY,저 게 무슨 장관 이고 허수아비 아이 아무 것 모른네 답답해서 돌것네,2023-10-24T12:18:15Z
sHf9l62gDwY,생수 통 큰거 리터 인가요 거기 다 똥물 스포이드 로 딱 방울 빠뜨리면 그것 마실수 있을가요,2023-10-24T05:35:49Z
sHf9l62gDwY,정부 국힘 당 항의 전화 해주세요,2023-10-24T04:54:40Z
sHf9l62gDwY,그냥 오염수 퍼다 시식 하는고 생방송 찍으라니까 리터 이상 마시고 일 이상 병원 안 가면 인정 해줌 일본 처럼 소리 소문 없이 사라질수 있지만 죽어서,2023-10-24T02:55:08Z
sHf9l62gDwY,환경부 장관 과학 을 인용 하는데 모순 을 펼치고 있고 또한 법 내용 을 깡그리 무시 하여 해석 하고 있네요,2023-10-23T14:09:43Z
sHf9l62gDwY,일본 검사 거도 믿을수 없지만 걔네 했다고 우리 왜 안 하는데,2023-10-23T13:17:24Z
sHf9l62gDwY,진행 을 뭐 저따위 로 하냐 말 끊지 마 제발 여자 진짜 장관 감 이네 말 하고,2023-10-23T03:21:42Z
sHf9l62gDwY,왜 이리 여자 주요 직책 앉아있는지 여자 문제 아니 라다 현 정권 같은 사람 뿐 이다,2023-10-22T16:51:55Z
sHf9l62gDwY,우리 싫 타잔 아,2023-10-22T11:03:24Z
sHf9l62gDwY,시간 한정 적 이라 시간 만 때워서 궤변 일관 하고 돌아서서 귀로 흘려 버리는 현재 토론 방식 아니라 시간 장소 구애 받지 않으면서 모두 보고 반박 하고 비판 하고 판단 할 수 있도록 상 댓글 코멘트 로 토론 하면 안됨 후쿠시마 원전 핵 폐기물 사고 로 박살 난 원전 연료봉 폭발 하지 않도록 냉각수 노출 된 핵연료 직접 때려 붓고 있는 상황 에서 나온 오염 수임 물 환경보전 법 에서 말 하고 있는 원전 냉각수 희 석 가능 지침 정상 가동 미 노출 정상 연료봉 에서의 냉각수 직접 접촉 없으므로 삼중수소 제외 다 핵종 없기에 알프스 처리 안 하고 방류 국제 기준 부합 임 일본 자꾸 논 조 흐리고 있으니 이런 정보 부조화 당연해지는건데 지금 상황 다 핵종 핵폐기물 을 알프스 로 처리 해서 자연 방류 하는 세계 최초 시도 임즉 것 을 받아들인다면 앞 모든 핵폐기물 을 알프스 로 처리 해서 매립 하지 않고 바다 뿌려 버릴수도 있음 기 준치 이하 로 내려갔다면서 당연히 반응 중 인 핵연료 에서는 붕괴 로 인한 다 핵종 생 성 되고 그 과정 에서 나오는 중성자 물이 흡수 해 삼중수소 되는거 임 당연히 정상 원전 냉각수 엔 중금속 다 핵종 침투 할 수 없음 근데 여기 서 노출 된 핵연료 봉 때려 부은 오염수 직접 핵연료 접촉 하기에 다 핵종 방사선 동위원소 포함 되는 핵폐기물 임 걸 통과 시킨다 우리나라 서해 인근 중국 핵폐기물 을 모두 지 들이 만든 정화 장치 로 지 들이 조사 수치 기반 방류 결정 한다면 받아들일 수 있음 이런 선례 만들면 우리 미래 만 위협 받음,2023-10-22T02:42:55Z
sHf9l62gDwY,후쿠시마 오염수 떠서 직접 먹여 바 야한다 저 여자 한테 대표 로더 말고 리터 만 드셔 보시 라고,2023-10-21T08:52:18Z
sHf9l62gDwY,액체 상의 방사선 폐기물 폐기물 안되나 미쳤네,2023-10-21T06:31:02Z
sHf9l62gDwY,저 것 장관 이라고 우동 꽉 차 있네,2023-10-21T02:47:21Z
sHf9l62gDwY,환경 장관 윤석열 스러워 자랑 스럽지,2023-10-20T21:24:50Z
sHf9l62gDwY,국민 걱정 이다 일본 대변인 저 여자,2023-10-20T21:00:39Z
sHf9l62gDwY,저 장관 무슨 과학자 야 터져 버린 원전 무슨 정상 원전 이야 방사 능 다 터져 버린 원전 디,2023-10-20T16:26:41Z
sHf9l62gDwY,이상하네 우리나라 국민 아닌가 나라 세금 을 받아서 일 하는 사람 왜 일 본 편 을 들지 그리고 이번 느끼는데 장관 차관 아무리 의원 말 을 해도 고집 안 꺾고 지 고집 말 대로 할려고 하고 논리 없고 눈 깔은 풀려있고,2023-10-20T15:28:41Z
sHf9l62gDwY,감투 그렇게 중요하냐 옳고 그름 이렇게 판단 안되는 이런 여자 장관 임명 한심한 정권,2023-10-20T11:24:53Z
NcSUweIWMTc,환경오염 문제 심각한데 이런 드라마 식 환경보호 일 상애 서 실천 할 수 있는 방법 을 알려주는 것 정말 유익한 것 같아요,2023-09-25T02:03:34Z
NcSUweIWMTc,세상 사람 환경 따위 관심 없어요 오직 편하게 생활 할 려고 하고 일회용 팩 핸드 타월 종이컵 등 사용 을 절때 중단 못 해요 회사 에서 친환경 을 위해 노력 하는 사람 한번 본적 없어요 도대체 환경부 에서 뭘 하는지 시민 쓰레기 분리수거 절대 적 않하면 악하게 나오던가 실질 적 학교 에서 직장 에서 주민 에게 또는 방송 을 환경 주가 되어 의식 을 국민 에게 심게하던가 우리 과학자 어제 오늘 경고 해왔음에도 똑같음 우리 이기주의 무지함이 정부 기관 으로부터 악 이용 당해 현재 지 구 재앙 시 대가 도래 것 같음,2023-09-12T13:33:23Z
NcSUweIWMTc,일상생활 속 에서 실천 할 수 있는 방법 을 영상 형식 알려주니 직접 해보고 싶다는 생각 들게 만들어주는 것 같습니다 우리 모두 환경 보호 참여 합시다,2022-12-04T09:13:40Z
NcSUweIWMTc,좋은 영상 보았습니다 손수건 구매 해야겠어요,2022-12-03T14:00:05Z
NcSUweIWMTc,분리수거 어제 보니 체육관 에서 사람 분리수거 안 한다는 요,2022-08-29T00:14:08Z
NcSUweIWMTc,이런 꿀팁 있었다니 새로운 정보 이네 요 오늘 유익한 정보 감사합니다 늘 즐겨 보고있어요 좋은 하루 보내세요,2022-07-22T15:01:58Z
NcSUweIWMTc,신지호 지구 위해 행동 옮긴다,2022-07-10T16:21:37Z
NcSUweIWMTc,영상 너무 좋네요 우연히 눌렀다가 끝 까지 보고 갑니다 환경보호 실천 할게요,2022-06-27T11:47:02Z
NcSUweIWMTc,환경 을 생각 하면서도 직접 나서기는 망설여 졌는데 이렇게 일상생활 속 에서 실천 할 수 있는 방법 을 구체 적 알려주니 정말 좋은 거 같아요 위 영상 을 바탕 환경보호 더욱 신경 써야 겠다고 생각 하게 되었어요,2022-05-23T07:33:15Z
NcSUweIWMTc,우리 다 같이 할 수 있는 것 실천 해봅니다,2022-04-05T17:01:57Z
NcSUweIWMTc,지구 환경 문제 소비 반란 의해 심화 됩니다 소비 줄이는 것 만이 해답 이지만 그리 쉽지 않지요 소비자 노력 있어야 해결 가능합니다 유튜브 소비 반란 놀러 오세요 같이 생각 해 볼 수 있습니다 감사합니다,2022-03-28T02:17:35Z
NcSUweIWMTc,알 게 하라 듣게 하라 깨닫고 준비 하게 하라 지구온난화 만들어 낸 말 이고 니 비루 오고 있습니다 붉은 행성 하얀색 행성 니 비루 오고 있습니다 당신 사실 을 알 고 있습니까 전세계 하늘 구름 날 마다 점점 점 땅 내려 오고 있다 하늘 해와 달이 날 마다 슈퍼 달 슈퍼 해이다 해 뜰 때 질 때 자세히 보면 핑크색 하늘 을 볼 수 있다 전세계 하늘 켐트레일 화학 성분 을 미친듯이 뿌리 고 있다 지금 달 을 자세하게 관찰 해 보시 면 달이 회전 을 하고 있다 예 슈 아 하나님 께서 곧 오십니다 예슈 아 커밍,2022-02-09T13:26:05Z
NcSUweIWMTc,많은 도움 되었습니다 고맙습니다,2022-02-09T10:10:02Z
NcSUweIWMTc,영상 을 보고 환경보호 위해 일상 에서 실천 할 수 있는 행동 대해 알 게 되었습니다 유익한 영상 감사합니다 이렇게 자세하게 정리 하여 영상 보니 저 일상 속 에서 작은 실천 부터 해야겠다는 생각 드네 요,2021-12-06T12:11:31Z
NcSUweIWMTc,영상 을 통해 환경보호 위해 무엇 을 할 수 있는지 배웠습니다 환경 보호 우리 세대 뿐 만 아니라 다음 세대 위 필수 요소 라고 생각 합니다 우리 사회 환경오염 심각 성 을 깨닫고 국가 기업 개인 함께 노력 하여 환경 을 보호 하기를 바랍니다,2021-11-15T14:01:30Z
NcSUweIWMTc,혹시 캔들 환경 유해한 건가 요 태우면 더 안 좋은 거 죠 천연 콩 오 일로 들어간 재료 로 만드는 것 문제 될까 요,2021-11-11T01:17:18Z
NcSUweIWMTc,계란 껍질 양파 껍데기 일 반 쓰레기 이해 될 듯 한데 왜 파인애플 일 반 쓰레기 인지 이유 알려주셨으면 좋겠네요 이렇게 설명 하면 하나 하나 다 물어봐야하나요 아보카도 씨 일반 쓰레기 일 반 쓰레기 음식물 쓰레기 분류 기준 을 알려주세요,2021-11-01T15:21:09Z
NcSUweIWMTc,영상 을 통해 환경보호 대해 우리 할 수 있는 것 어떠한 것 있는지 돌아보는 계기 되었습니다 환경보호 우리 세대 만을 위 것 아닌 미래 세대 위 해서도 꼭 필요하다고 생각 합니다 우리 사회 환경오염 심각 성 을 깨닫고 환경 을 지키기 위해 국가 기업 개인 모두 협력 하여 환경보호 힘썼으면 좋겠습니다,2021-10-17T19:50:12Z
n2LUyIPCTME,이대 로는 가다가 더 심각해진다,2023-09-22T14:05:58Z
n2LUyIPCTME,우리나라 뿐 만 아니라 지구 전체 환경오염 빠져가고 있는데 문제점 중 에는 쓰레기 무단 투기 재활용 하지 않기 자동차 가까운 거리 임 에도 불구 하고 습관 처럼 자동차 라는 편리함에 익숙해져 갔는데 문제점 우리 작은 행동 이지만 문제 커져 심각한 상황 까지 왔기 때문 우리 문제점 을 해결 하기 위해 서 대중교통 이용 하기 나무 심기 등 작은 행동 이라도 실천 하여 지구 환경 을 위해 지구 보호 합시다,2023-09-13T02:31:04Z
n2LUyIPCTME,됐다,2023-08-01T07:29:02Z
n2LUyIPCTME,년 뒤 지구 프로 다 죽는데요,2023-07-31T11:16:52Z
n2LUyIPCTME,지구 종말 가즈 아,2023-07-02T21:46:40Z
n2LUyIPCTME,한국 플라스틱 배 출국 세 계위 다 물리학자 핵공 학자 지구과학 전공 교수 지구 환경 지키려면 방법 딱 하나 라고 말 하던데 인구 줄어야 한다는 것 세계 인구 억 인 지 금시 대 플라스틱 석유 석탄 안 쓸수가 없고 대가 리수 늘어날 떄 마다 계속 쓸 것 이고 결국 에는 인구 줄어드는게 자연 적 그나마 지구 오래 살리는 길이 라고 말 하던데 거기 한국 아주 모범 국 이지 자연 적 저출산 국가,2023-06-13T00:22:16Z
n2LUyIPCTME,한국 중국인 도등 대기오염 심각,2023-06-03T08:55:01Z
n2LUyIPCTME,지구 중병 아님 지구 핵 미사일 수십 만발 을 터뜨려도 안 망하고 수십 만년 수백 만년 걸쳐서 회복함 지구 앞 몇 억 년 더 존속 하므로 인간 없다고 망하는게 아님,2023-06-02T06:42:15Z
n2LUyIPCTME,걸 우리 한테 떠 넘기면 안되지 양 놈 아 지 들이 여태 뿜어낸게 얼마 인데 이제 서 남탓 이야,2023-06-02T03:02:40Z
n2LUyIPCTME,우리나라 봐라 주황 이다,2023-06-02T02:52:10Z
n2LUyIPCTME,월 인데 벌써 도를 찍어 버리네 진짜 올해 부터는 험난 날듯 자외선 차단 제 수시로 바르거나 양산 쓰세요,2023-06-02T02:44:28Z
t7cofBEdt04,자정작용 하겠 쥐,2023-10-31T12:09:13Z
t7cofBEdt04,중국 제일 문제 임,2023-10-30T05:27:05Z
t7cofBEdt04,온실가스 주 범 중국 만 잡아도 지구 자생 합니다,2023-10-29T14:51:40Z
t7cofBEdt04,제발 전쟁 그만해라,2023-10-29T13:14:00Z
t7cofBEdt04,지구 야 나 죽 을 때 까지만 버텨줘,2023-10-29T13:10:28Z
t7cofBEdt04,년대 인 가도 그 소리 나왔던것 같은데,2023-10-29T10:03:51Z
t7cofBEdt04,한국 만 사라지면 좋겠다,2023-10-29T07:31:33Z
t7cofBEdt04,아 인류 멍청한것인가 화석 발전 줄 이고 화석연료 자동차 줄여야지 일단 원자력 을 늘려야 하잖냐 인류 미련 것 인가,2023-10-28T18:45:29Z
t7cofBEdt04,재앙 지구 자기 조절 방법 인데 우리 인류 한테 만 안좋은 거지,2023-10-28T03:43:41Z
t7cofBEdt04,목소리 애뻐염,2023-10-28T03:20:40Z
t7cofBEdt04,년 에도 그러더니 아무 일도 없었구만 뭘또 이럼,2023-10-27T13:35:46Z
t7cofBEdt04,년 드립치구 있네 예전 년 지구 멸망,2023-10-27T05:20:03Z
t7cofBEdt04,노력 하면 가능하다 그것 가능한게 있고 아닌게 있 음 인 조 별 재도 개판 나기 십상 인데 억 조 별 과제 러시아 우크라이나 전쟁 환경 파괴 실시간 중 이고 이스라엘 팔레 테러 단체 전쟁 한국 저출산 걱정 안해 됨 이상기후 로 인류 뮨 명 먼저 개 박살 날거니까,2023-10-27T02:56:44Z
t7cofBEdt04,저 맘대로 살테니 여러분 노력 하며 사세요,2023-10-26T23:15:49Z
t7cofBEdt04,진짜 허위 사실 유포,2023-10-26T11:39:25Z
t7cofBEdt04,남은 년 축하 합니다,2023-10-26T09:04:07Z
t7cofBEdt04,년 내 로 여자친구 사귈 수 있을까,2023-10-25T23:45:34Z
t7cofBEdt04,북극해 냉기 남하 제트기류 회전 속도 받쳐주질 못 한다는 뜻 이군 요,2023-10-25T17:53:28Z
t7cofBEdt04,대책 못 세우고 멸망하게 될 때 태어나게 해서 미안해 내 아가,2023-10-25T15:19:17Z
t7cofBEdt04,국가 나서야하는데 지 밥줄 챙긴다고 이런 거 관심 없을듯,2023-10-25T12:34:18Z
s-E4QC38V80,큰일 이군 요,2023-08-29T00:37:20Z
s-E4QC38V80,국민 누구 나 알아야 할 상식 이고 꼭 봐 야할 유익한 영상 인데 조회 수가 너무 낮네요 환경호르몬 알 고 싶었는데 설명 을 너무 해주셔서 쉽게 이해 됩니다 훌륭한 강의 해주셔서 감사합니다,2023-08-10T17:46:32Z
s-E4QC38V80,우리 몸 쌓인 유해 물질 어떻게 배출 하나요,2023-07-27T05:47:54Z
s-E4QC38V80,이런 지식 생명 을 구 하는 것 이지 요 아무래도 알 면 조심 을 하고 덜 접촉 하려고 할 테 니까,2022-10-24T11:37:17Z
s-E4QC38V80,정보 부족한 시대 에서 많은 잘못 을 생산 해내고 피해 보내요 기 저 질환 갑상선 질환 등등 성조숙증 나열하기도 숨 차네요 노바 백 스 후 달 넘었어도 통증 중 좋은 방송 감사합니다,2022-06-20T07:06:33Z
s-E4QC38V80,언젠가 통계청 전화 해보니 기형 아 발생 빈도 알려줄수 없다고 합니다 의식주 생필품 에서 화학 독성 냄새 몸 을 너무 아프게 합 니 다년 초 미세 마스크 착용 시기 부터,2021-12-07T17:50:55Z
s-E4QC38V80,대부분 우리 국민 위험한 냄새 모르고 화학상 식 부족해서 현재 마구 섭취 하고 있 읍 니 다 그런 훈 말씀 보다는 지금 단가 낮춰서 생산 을 하고 검사 성적 서 있다고 하는데 냄새 나고 인체 화학 독성 노출 되어 신경 자극 피부 자극 시달리고 있는 인 인데 분변 소변 화학 냄새 심하게 올라오며 공중화장실 냄새 찌들어있 읍니 다,2021-12-07T17:49:03Z
s-E4QC38V80,그러면 세제 환경 호로 몬 을 피하 려고 고무장갑 을 쓰는데 고무장갑 화학물질 손 피부 통해 스며드는데 냄새 까지 강하고 역 합니다 음식 을 통해 서 흡수 되는데 어찌 어찌 되는데 사람 은별 개 의치 않고 사용 하며 위험한 냄새 모릅니다 대책 을 구합 니 다년 이전 처럼 화학 냄새 없이 만들어 주십시요,2021-12-07T17:42:18Z
s-E4QC38V80,앞 좋은 해결 책 있었으면 좋겠습니다,2021-05-27T20:55:28Z
s-E4QC38V80,끔찍한 세상 피 맺히는 음악,2021-05-27T13:55:18Z
E8EAhg0v4_E,타 노스 얼마나 현명한 건지 이제 알겠지,2023-10-27T05:12:16Z
E8EAhg0v4_E,정치 기후학자 또 나왔군,2023-10-07T05:29:54Z
E8EAhg0v4_E,먹고 입는것으로 만족해야하는데 단순하게 살아야 함 요 시 잉태 하 여 우리 파멸 이룬다,2023-09-24T20:38:31Z
E8EAhg0v4_E,인류세 든 뭐 든 무슨 의미 이지 인류 말고 먼훗날 누가 인류세 라 해,2023-09-13T04:00:19Z
E8EAhg0v4_E,하루 라도 빠리 인간 멸종 되자,2023-09-10T18:29:38Z
E8EAhg0v4_E,지구 상 인간 존재 하는 지구 멸망 하 는걸 어쩔 방법 없다 놀려 간다 고 차 타고 비행기 타고 전기 사용 전부 다 탄소 배출 인데 사용 안 하는 사람 있으면 나와 보라 고 해,2023-09-02T08:45:53Z
E8EAhg0v4_E,너무 늦었습니다,2023-07-16T20:13:48Z
E8EAhg0v4_E,인류 지능 곧 지구 환경 결과 로 나타난다 인간 모두 지적장애 다,2023-07-14T03:06:17Z
E8EAhg0v4_E,여기 지구 걱정 하며 착한 척 하 새끼 제 일 문 제 임,2023-07-12T21:07:39Z
E8EAhg0v4_E,닭뼈 린정,2023-07-10T09:07:46Z
E8EAhg0v4_E,고 대 운명 있는거 보면 인류 오래 못 간다고 봐야죠 자연 파괴 나 안 했으면 좋겠네요 인간 숨 쉬 고 살 고 있다는건 복 받은거에요,2023-06-24T05:28:15Z
E8EAhg0v4_E,희망 을 가지 고 하나 라도 실천 해 봐야겠네,2023-06-18T14:34:24Z
E8EAhg0v4_E,어느 핵물리학 고조선 학자 그러는대 앞 년 대면 빙 하기가 온다네요 그리고 지금 새 대가 번 정도 지나면 태양 식을거 라고 했 습 요,2023-06-07T08:49:02Z
E8EAhg0v4_E,시 작 점 바다 버리는 날 될지도,2023-05-18T09:20:16Z
E8EAhg0v4_E,지구 야 미안해 일회용 줄 이고 에어컨 덜 틀 고 전기 적게 쓰고 물 절약 하고 대중교통 이용 하고 걸어다니고 내 할 수 있는게 것 뿐 야 너무 망 가트 려 서 미안해,2023-04-29T20:50:17Z
E8EAhg0v4_E,끝났어 못 막아 자국 이기주의 땜시 끝났어,2023-04-28T13:05:02Z
E8EAhg0v4_E,탄소 중립 그거 로 대처 하기엔 넘 늦었습니다 녹기 시작 얼음 더더 더 빠르게 녹지 멈추질 않습니다 언제 멸망하느냐 얼마나 멸망 을 늦출 수 있느냐 그 문제 겠죠,2023-04-24T01:46:09Z
E8EAhg0v4_E,아이 낳지 않으면 모든 문제 해결 됩니다 노력 해주세요,2023-04-23T07:55:50Z
OYO4DoAl9ro,환경 마피아 들의 위기 조장 사기 주의보 세상 본래 변화 무상 입니다,2023-01-02T21:04:28Z
OYO4DoAl9ro,인류 진화 끝 났죠 인류 진화 끝났고 대신 문명 진화 하고있죠 인류 과학 의학 문명 을 발전 시키고 다양성 을 확보 했기 때문 더 이상 진화 일어나지 않습니다 긴 세월 지나 갈수록 문명 과학 찬란하게 발전 하게되 고 인류 진화 끝 난 거 죠 진화 나 퇴화 일어날려면 극단 적 인 환경 만들어져야하는데 인류 과학 의학 문명 극복 하고있기 때문 이고 아무리 많은 질병 나타나도 인류 멸망하지 않습니다 그 이유 진화 멈췄고 진화 거치는것 역시 멸종 을 의미 하는거죠 예 들어 강아지 진화 하여 늑대 되면 기존 강아지 종은 멸종 하게 되는거죠 메 머드 멸종 하고 코끼리 남아있듯이 저 관점 볼때 어차피 인간 죽기 때문 질병 사투 벌여도 약 종이 죽어 나가는건 당연한것이고 이런 약 한종 까지 보존 하기 때문 진화 일어날수 없는것이고 인류 진화 지식 이라 보는게 맞겠죠,2022-08-10T18:51:23Z
OYO4DoAl9ro,진화론,2022-07-23T09:06:54Z
OYO4DoAl9ro,우리 죽어야 끝나,2022-06-01T14:17:11Z
OYO4DoAl9ro,기후 위기 침공 시작 되었다 제 침공 극 기 후제 침공 식량 위기 제 침공 해수면 상승 제 침공 바이러스 창궐 제 침공 침공 분류 저 주관 적 견해 임,2022-04-04T08:57:55Z
OYO4DoAl9ro,별 짓거리 다해 안될 것임 본질 적 인 문제 해결 인구 감소 만이 모든 문제 해결 책임,2022-01-29T16:50:50Z
OYO4DoAl9ro,몇 백년 만 동안 꾸준하게 인류 질병 을 생 성 시키면서 발전 해왔다고 했으니 앞 으로도 그건 지속 될 것 입니다 아주 오래전 인류 그걸 모르고 질병 함께 발전 해 왔을까요 전 아니라고 봅니다 그 사실 을 알 고 있음에도 불구 하고 인류 그 길 을 아주아주 오랫동안 밟아 왔습니다 그게 인류 입니다,2022-01-28T03:20:47Z
OYO4DoAl9ro,앞 얼마나 더 많은 전염병 사투 벌이 게 될까 요,2022-01-27T12:50:26Z
OYO4DoAl9ro,좋아요 오오,2022-01-27T12:08:21Z
OYO4DoAl9ro,무심코 지나가다가 우연히 저 만나신 모든 분 아프지 않고 좋은 일만 가득하시길 바랍니다 학업 취업 연애 사업 재물 건강 모든 일이 되실 겁니다 새해 엔 다 같이 행복해요,2022-01-27T10:01:44Z
